{
    "metadata": {
        "type": "Geometry",
        "normals": 22,
        "faces": 24,
        "uvs": 0,
        "generator": "io_three",
        "materials": 1,
        "version": 3,
        "vertices": 96
    },
    "name": "Cube.106Geometry",
    "materials": [{
        "blending": "NormalBlending",
        "colorDiffuse": [0.061246,0.132868,0.022174],
        "depthTest": true,
        "DbgColor": 15658734,
        "DbgName": "bbush1",
        "DbgIndex": 0,
        "visible": true,
        "colorEmissive": [0,0,0],
        "transparent": false,
        "wireframe": false,
        "opacity": 1,
        "shading": "lambert",
        "depthWrite": true,
        "colorAmbient": [0.061246,0.132868,0.022174]
    }],
    "normals": [0,-1,0,0,-0.999969,0,0.633717,0.443587,0.633717,-0.633717,0.443587,0.633717,-0.633717,0.443587,-0.633717,0.633717,0.443587,-0.633717,0.880306,0.202185,-0.429121,-0.926511,-0.064852,-0.370586,-0.880306,0.202185,-0.429151,0.926511,-0.064852,-0.370586,-0.429121,0.202185,-0.880306,0.429121,0.202185,0.880306,0.370586,-0.064852,0.926511,-0.370586,-0.064852,-0.926511,0.370586,-0.064852,-0.926511,0.926511,-0.064852,0.370586,-0.370586,-0.064852,0.926511,-0.880306,0.202185,0.429121,-0.926511,-0.064852,0.370586,-0.429151,0.202185,0.880306,0.880306,0.202185,0.429151,0.429151,0.202185,-0.880306],
    "vertices": [0.28,0.1,0.28,-0,0.1,0.392,-0,0.1,-0,0.392,0.1,0,0.175,2.5,0.175,0.245,2.7,0,0,3,-0,-0,2.7,0.245,-0,2.7,0.245,0,3,-0,-0.245,2.7,-0,-0.175,2.5,0.175,-0,0.1,0.392,-0.28,0.1,0.28,-0.392,0.1,-0,-0,0.1,-0,-0,0.1,-0,-0.392,0.1,-0,-0.28,0.1,-0.28,0,0.1,-0.392,0,3,-0,0,2.7,-0.245,-0.175,2.5,-0.175,-0.245,2.7,-0,0.245,2.7,0,0.175,2.5,-0.175,0,2.7,-0.245,0,3,-0,0.392,0.1,0,-0,0.1,-0,0,0.1,-0.392,0.28,0.1,-0.28,0.245,2.7,0,0.49,1.5,0,0.35,1.5,-0.35,0.175,2.5,-0.175,-0.392,0.1,-0,-0.49,1.5,-0,-0.35,1.5,-0.35,-0.28,0.1,-0.28,-0.49,1.5,-0,-0.245,2.7,-0,-0.175,2.5,-0.175,-0.35,1.5,-0.35,0.49,1.5,0,0.392,0.1,0,0.28,0.1,-0.28,0.35,1.5,-0.35,0,2.7,-0.245,0,1.5,-0.49,-0.35,1.5,-0.35,-0.175,2.5,-0.175,-0,2.7,0.245,-0,1.5,0.49,0.35,1.5,0.35,0.175,2.5,0.175,-0,1.5,0.49,-0,0.1,0.392,0.28,0.1,0.28,0.35,1.5,0.35,0,1.5,-0.49,0,0.1,-0.392,-0.28,0.1,-0.28,-0.35,1.5,-0.35,0.35,1.5,-0.35,0.28,0.1,-0.28,0,0.1,-0.392,0,1.5,-0.49,0.35,1.5,0.35,0.28,0.1,0.28,0.392,0.1,0,0.49,1.5,0,-0.35,1.5,0.35,-0.28,0.1,0.28,-0,0.1,0.392,-0,1.5,0.49,-0.35,1.5,0.35,-0.175,2.5,0.175,-0.245,2.7,-0,-0.49,1.5,-0,-0.28,0.1,0.28,-0.35,1.5,0.35,-0.49,1.5,-0,-0.392,0.1,-0,-0.175,2.5,0.175,-0.35,1.5,0.35,-0,1.5,0.49,-0,2.7,0.245,0.175,2.5,0.175,0.35,1.5,0.35,0.49,1.5,0,0.245,2.7,0,0.175,2.5,-0.175,0.35,1.5,-0.35,0,1.5,-0.49,0,2.7,-0.245],
    "faces": [35,0,1,2,3,0,0,0,1,0,35,4,5,6,7,0,2,2,2,2,35,8,9,10,11,0,3,3,3,3,35,12,13,14,15,0,0,0,0,0,35,16,17,18,19,0,0,1,0,1,35,20,21,22,23,0,4,4,4,4,35,24,25,26,27,0,5,5,5,5,35,28,29,30,31,0,0,0,0,0,35,32,33,34,35,0,6,6,6,6,35,36,37,38,39,0,7,7,7,7,35,40,41,42,43,0,8,8,8,8,35,44,45,46,47,0,9,9,9,9,35,48,49,50,51,0,10,10,10,10,35,52,53,54,55,0,11,11,11,11,35,56,57,58,59,0,12,12,12,12,35,60,61,62,63,0,13,13,13,13,35,64,65,66,67,0,14,14,14,14,35,68,69,70,71,0,15,15,15,15,35,72,73,74,75,0,16,16,16,16,35,76,77,78,79,0,17,17,17,17,35,80,81,82,83,0,18,18,18,18,35,84,85,86,87,0,19,19,19,19,35,88,89,90,91,0,20,20,20,20,35,92,93,94,95,0,21,21,21,21],
    "uvs": []
}