{
    "metadata": {
        "type": "Geometry",
        "normals": 21,
        "faces": 24,
        "uvs": 0,
        "generator": "io_three",
        "materials": 1,
        "version": 3,
        "vertices": 96
    },
    "name": "Cube.075Geometry",
    "materials": [{
        "blending": "NormalBlending",
        "colorDiffuse": [0.166335,0.177888,0.03335],
        "depthTest": true,
        "DbgColor": 15658734,
        "DbgName": "Material.018",
        "DbgIndex": 0,
        "visible": true,
        "colorEmissive": [0,0,0],
        "transparent": false,
        "wireframe": false,
        "opacity": 1,
        "shading": "lambert",
        "depthWrite": true,
        "colorAmbient": [0.166335,0.177888,0.03335]
    }],
    "normals": [-0.888058,0.325053,0.325053,-0.325053,0.325053,0.888058,0.325053,0.325053,0.888058,0.297311,-0.308267,0.903623,-0.888058,0.325053,-0.325053,-0.325053,0.325053,-0.888058,-0.903623,-0.308267,0.297311,0.325053,0.325053,-0.888058,0.888058,0.325053,-0.325053,-0.297311,-0.308267,-0.903623,0.888058,0.325053,0.325053,0,-1,0,0.903623,-0.308267,-0.297311,0.903623,-0.308267,0.297311,-0.325053,0.888058,-0.325053,0.325053,0.888058,-0.325053,0.325053,0.888058,0.325053,-0.325053,0.888058,0.325053,0.297311,-0.308267,-0.903623,-0.903623,-0.308267,-0.297311,-0.297311,-0.308267,0.903623],
    "vertices": [-0.367423,0.767423,0,-0.519615,0.4,0,-0.367423,0.4,0.367423,-0.3,0.7,0.3,-0.3,0.7,0.3,-0.367423,0.4,0.367423,-0,0.4,0.519615,-0,0.767423,0.367423,-0,0.767423,0.367423,-0,0.4,0.519615,0.367423,0.4,0.367424,0.3,0.7,0.3,-0,0.4,0.519615,-0,0.045632,0.367424,0.3,0.045632,0.3,0.367423,0.4,0.367424,-0.3,0.7,-0.3,-0.367423,0.4,-0.367423,-0.519615,0.4,0,-0.367423,0.767423,0,0,0.767423,-0.367423,0,0.4,-0.519615,-0.367423,0.4,-0.367423,-0.3,0.7,-0.3,-0.519615,0.4,0,-0.367423,0.045632,0,-0.3,0.045632,0.3,-0.367423,0.4,0.367423,0.3,0.7,-0.3,0.367423,0.4,-0.367423,0,0.4,-0.519615,0,0.767423,-0.367423,0.367423,0.767423,0,0.519615,0.4,0,0.367423,0.4,-0.367423,0.3,0.7,-0.3,0,0.4,-0.519615,0,0.045632,-0.367423,-0.3,0.045632,-0.3,-0.367423,0.4,-0.367423,0.367423,0.4,0.367424,0.519615,0.4,0,0.367423,0.767423,0,0.3,0.7,0.3,-0,0.045632,0.367424,-0,0.045632,0,0.367423,0.045632,0,0.3,0.045632,0.3,0.519615,0.4,0,0.367423,0.045632,0,0.3,0.045632,-0.3,0.367423,0.4,-0.367423,0.3,0.045632,0.3,0.367423,0.045632,0,0.519615,0.4,0,0.367423,0.4,0.367424,-0.367423,0.045632,0,-0,0.045632,0,-0,0.045632,0.367424,-0.3,0.045632,0.3,-0,0.045632,0,0,0.045632,-0.367423,0.3,0.045632,-0.3,0.367423,0.045632,0,-0.367423,0.767423,0,-0,0.919615,0,0,0.767423,-0.367423,-0.3,0.7,-0.3,0,0.767423,-0.367423,-0,0.919615,0,0.367423,0.767423,0,0.3,0.7,-0.3,-0,0.919615,0,-0,0.767423,0.367423,0.3,0.7,0.3,0.367423,0.767423,0,-0.3,0.7,0.3,-0,0.767423,0.367423,-0,0.919615,0,-0.367423,0.767423,0,-0.3,0.045632,-0.3,0,0.045632,-0.367423,-0,0.045632,0,-0.367423,0.045632,0,0.367423,0.4,-0.367423,0.3,0.045632,-0.3,0,0.045632,-0.367423,0,0.4,-0.519615,-0.367423,0.4,-0.367423,-0.3,0.045632,-0.3,-0.367423,0.045632,0,-0.519615,0.4,0,-0.367423,0.4,0.367423,-0.3,0.045632,0.3,-0,0.045632,0.367424,-0,0.4,0.519615],
    "faces": [35,0,1,2,3,0,0,0,0,0,35,4,5,6,7,0,1,1,1,1,35,8,9,10,11,0,2,2,2,2,35,12,13,14,15,0,3,3,3,3,35,16,17,18,19,0,4,4,4,4,35,20,21,22,23,0,5,5,5,5,35,24,25,26,27,0,6,6,6,6,35,28,29,30,31,0,7,7,7,7,35,32,33,34,35,0,8,8,8,8,35,36,37,38,39,0,9,9,9,9,35,40,41,42,43,0,10,10,10,10,35,44,45,46,47,0,11,11,11,11,35,48,49,50,51,0,12,12,12,12,35,52,53,54,55,0,13,13,13,13,35,56,57,58,59,0,11,11,11,11,35,60,61,62,63,0,11,11,11,11,35,64,65,66,67,0,14,14,14,14,35,68,69,70,71,0,15,15,15,15,35,72,73,74,75,0,16,16,16,16,35,76,77,78,79,0,17,17,17,17,35,80,81,82,83,0,11,11,11,11,35,84,85,86,87,0,18,18,18,18,35,88,89,90,91,0,19,19,19,19,35,92,93,94,95,0,20,20,20,20],
    "uvs": []
}