{
    "metadata": {
        "type": "Geometry",
        "normals": 11,
        "faces": 10,
        "uvs": 0,
        "generator": "io_three",
        "materials": 1,
        "version": 3,
        "vertices": 40
    },
    "name": "Cube.002Geometry",
    "materials": [{
        "blending": "NormalBlending",
        "colorDiffuse": [0.078187,0.238398,0.05448],
        "depthTest": true,
        "DbgColor": 15658734,
        "DbgName": "Material.005",
        "DbgIndex": 0,
        "visible": true,
        "colorEmissive": [0,0,0],
        "transparent": false,
        "wireframe": false,
        "opacity": 1,
        "shading": "lambert",
        "depthWrite": true,
        "colorAmbient": [0.078187,0.238398,0.05448]
    }],
    "normals": [0,-1,0,0,1,0,0,0.999969,0,0.970122,-0.242531,0,0,-0.242531,0.970122,-0.970122,-0.242531,0,0,0.336314,-0.94174,0,-0.242531,-0.970122,-0.94174,0.336314,0,0,0.336314,0.94174,0.94174,0.336314,0],
    "vertices": [-0.4,0.1,0.4,-0.4,0.1,-0.4,0.4,0.1,-0.4,0.4,0.1,0.4,-0.25,1.2,0.25,0.25,1.2,0.25,0.25,1.2,-0.25,-0.25,1.2,-0.25,0.5,0.5,0.5,0.4,0.1,0.4,0.4,0.1,-0.4,0.5,0.5,-0.5,-0.5,0.5,0.5,-0.4,0.1,0.4,0.4,0.1,0.4,0.5,0.5,0.5,-0.5,0.5,-0.5,-0.4,0.1,-0.4,-0.4,0.1,0.4,-0.5,0.5,0.5,-0.5,0.5,-0.5,-0.25,1.2,-0.25,0.25,1.2,-0.25,0.5,0.5,-0.5,-0.4,0.1,-0.4,-0.5,0.5,-0.5,0.5,0.5,-0.5,0.4,0.1,-0.4,-0.25,1.2,-0.25,-0.5,0.5,-0.5,-0.5,0.5,0.5,-0.25,1.2,0.25,-0.25,1.2,0.25,-0.5,0.5,0.5,0.5,0.5,0.5,0.25,1.2,0.25,0.25,1.2,0.25,0.5,0.5,0.5,0.5,0.5,-0.5,0.25,1.2,-0.25],
    "faces": [35,0,1,2,3,0,0,0,0,0,35,4,5,6,7,0,1,2,1,1,35,8,9,10,11,0,3,3,3,3,35,12,13,14,15,0,4,4,4,4,35,16,17,18,19,0,5,5,5,5,35,20,21,22,23,0,6,6,6,6,35,24,25,26,27,0,7,7,7,7,35,28,29,30,31,0,8,8,8,8,35,32,33,34,35,0,9,9,9,9,35,36,37,38,39,0,10,10,10,10],
    "uvs": []
}