{
    "metadata": {
        "type": "Geometry",
        "normals": 20,
        "faces": 20,
        "uvs": 0,
        "generator": "io_three",
        "materials": 1,
        "version": 3,
        "vertices": 80
    },
    "name": "Cube.053Geometry",
    "materials": [{
        "blending": "NormalBlending",
        "colorDiffuse": [0.181164,0.254152,0.025187],
        "depthTest": true,
        "DbgColor": 15658734,
        "DbgName": "Material.020",
        "DbgIndex": 0,
        "visible": true,
        "colorEmissive": [0,0,0],
        "transparent": false,
        "wireframe": false,
        "opacity": 1,
        "shading": "lambert",
        "depthWrite": true,
        "colorAmbient": [0.181164,0.254152,0.025187]
    }],
    "normals": [0,-0.999969,0,0,-1,0,0,1,0,0.685965,-0.242531,0.685965,-0.685965,-0.242531,0.685965,-0.685965,-0.242531,-0.685965,0.665883,0.336314,-0.665883,0.685965,-0.242531,-0.685965,-0.665883,0.336314,-0.665883,-0.665883,0.336314,0.665883,0.665883,0.336314,0.665883,0.879238,-0.242531,0.409986,-0.409986,-0.242531,0.879238,-0.879238,-0.242531,-0.409986,0.397992,0.336314,-0.853481,0.409986,-0.242531,-0.879238,-0.853481,0.336314,-0.397992,-0.397992,0.336314,0.853481,0.853481,0.336314,0.397992,0,0.999969,0],
    "vertices": [-0.29598,0.147222,-0.2,0.1,0.147222,-0.59598,0.49598,0.147222,-0.2,0.1,0.147222,0.19598,-0.147488,0.917222,-0.2,0.099999,0.917222,0.047487,0.347487,0.917222,-0.2,0.1,0.917222,-0.447487,0.1,0.427222,0.294975,0.1,0.147222,0.19598,0.49598,0.147222,-0.2,0.594975,0.427222,-0.2,-0.394975,0.427222,-0.2,-0.29598,0.147222,-0.2,0.1,0.147222,0.19598,0.1,0.427222,0.294975,0.1,0.427222,-0.694975,0.1,0.147222,-0.59598,-0.29598,0.147222,-0.2,-0.394975,0.427222,-0.2,0.1,0.427222,-0.694975,0.1,0.917222,-0.447487,0.347487,0.917222,-0.2,0.594975,0.427222,-0.2,0.1,0.147222,-0.59598,0.1,0.427222,-0.694975,0.594975,0.427222,-0.2,0.49598,0.147222,-0.2,0.1,0.917222,-0.447487,0.1,0.427222,-0.694975,-0.394975,0.427222,-0.2,-0.147488,0.917222,-0.2,-0.147488,0.917222,-0.2,-0.394975,0.427222,-0.2,0.1,0.427222,0.294975,0.099999,0.917222,0.047487,0.099999,0.917222,0.047487,0.1,0.427222,0.294975,0.594975,0.427222,-0.2,0.347487,0.917222,-0.2,-0.56047,0.050278,0.294803,-0.394803,0.050278,-0.06047,-0.039531,0.050278,0.105197,-0.205197,0.050278,0.460469,0.025587,0.246278,0.081496,-0.181496,0.246278,0.525587,-0.205197,0.050278,0.460469,-0.039531,0.050278,0.105197,-0.181496,0.246278,0.525587,-0.625587,0.246278,0.318504,-0.56047,0.050278,0.294803,-0.205197,0.050278,0.460469,-0.625587,0.246278,0.318504,-0.418504,0.246278,-0.125587,-0.394803,0.050278,-0.06047,-0.56047,0.050278,0.294803,0.025587,0.246278,0.081496,-0.418504,0.246278,-0.125587,-0.359252,0.589278,0.037207,-0.137207,0.589278,0.140748,-0.039531,0.050278,0.105197,-0.394803,0.050278,-0.06047,-0.418504,0.246278,-0.125587,0.025587,0.246278,0.081496,-0.462794,0.589278,0.259252,-0.359252,0.589278,0.037207,-0.418504,0.246278,-0.125587,-0.625587,0.246278,0.318504,-0.240748,0.589278,0.362794,-0.462794,0.589278,0.259252,-0.625587,0.246278,0.318504,-0.181496,0.246278,0.525587,-0.137207,0.589278,0.140748,-0.240748,0.589278,0.362794,-0.181496,0.246278,0.525587,0.025587,0.246278,0.081496,-0.462794,0.589278,0.259252,-0.240748,0.589278,0.362794,-0.137207,0.589278,0.140748,-0.359252,0.589278,0.037207],
    "faces": [35,0,1,2,3,0,0,0,1,1,35,4,5,6,7,0,2,2,2,2,35,8,9,10,11,0,3,3,3,3,35,12,13,14,15,0,4,4,4,4,35,16,17,18,19,0,5,5,5,5,35,20,21,22,23,0,6,6,6,6,35,24,25,26,27,0,7,7,7,7,35,28,29,30,31,0,8,8,8,8,35,32,33,34,35,0,9,9,9,9,35,36,37,38,39,0,10,10,10,10,35,40,41,42,43,0,1,1,0,1,35,44,45,46,47,0,11,11,11,11,35,48,49,50,51,0,12,12,12,12,35,52,53,54,55,0,13,13,13,13,35,56,57,58,59,0,14,14,14,14,35,60,61,62,63,0,15,15,15,15,35,64,65,66,67,0,16,16,16,16,35,68,69,70,71,0,17,17,17,17,35,72,73,74,75,0,18,18,18,18,35,76,77,78,79,0,19,19,2,19],
    "uvs": []
}