{
    "metadata": {
        "type": "Geometry",
        "normals": 20,
        "faces": 20,
        "uvs": 0,
        "generator": "io_three",
        "materials": 1,
        "version": 3,
        "vertices": 80
    },
    "name": "Cube.073Geometry",
    "materials": [{
        "blending": "NormalBlending",
        "colorDiffuse": [0.078187,0.238398,0.05448],
        "depthTest": true,
        "DbgColor": 15658734,
        "DbgName": "Material.019",
        "DbgIndex": 0,
        "visible": true,
        "colorEmissive": [0,0,0],
        "transparent": false,
        "wireframe": false,
        "opacity": 1,
        "shading": "lambert",
        "depthWrite": true,
        "colorAmbient": [0.078187,0.238398,0.05448]
    }],
    "normals": [0.90463,-0.060488,0.421827,0,-1,0,0,1,0,0,0.999969,0,0.412397,0.218451,-0.884396,0.884396,0.218451,0.412397,-0.412397,0.218451,0.884396,-0.90463,-0.060488,-0.421827,-0.884396,0.218451,-0.412397,-0.421827,-0.060488,0.90463,0.409986,-0.242531,-0.879238,0.879238,-0.242531,0.409986,-0.409986,-0.242531,0.879238,-0.853481,0.336314,-0.397992,-0.879238,-0.242531,-0.409986,-0.397992,0.336314,0.853481,0.853481,0.336314,0.397992,0.397992,0.336314,-0.853481,0.421827,-0.060488,-0.90463,0,-0.999969,0],
    "vertices": [-0.240529,0.476,-0.458043,-0.341957,0.476,-0.240529,-0.353566,0.08,-0.272424,-0.272423,0.08,-0.446435,0.15478,0.1,0.425256,-0.425256,0.1,0.15478,-0.154781,0.1,-0.425257,0.425256,0.1,-0.154781,0.096738,0.98,0.265785,0.265785,0.98,-0.096738,-0.096738,0.98,-0.265786,-0.265785,0.98,0.096737,-0.429021,0.744,-0.479736,-0.320264,0.744,-0.429022,-0.240529,0.476,-0.458043,-0.458043,0.476,-0.559472,-0.320264,0.744,-0.429022,-0.370979,0.744,-0.320265,-0.341957,0.476,-0.240529,-0.240529,0.476,-0.458043,-0.370979,0.744,-0.320265,-0.479735,0.744,-0.370979,-0.559471,0.476,-0.341958,-0.341957,0.476,-0.240529,-0.458043,0.476,-0.559472,-0.446434,0.08,-0.527577,-0.527577,0.08,-0.353566,-0.559471,0.476,-0.341958,-0.429021,0.744,-0.479736,-0.458043,0.476,-0.559472,-0.559471,0.476,-0.341958,-0.479735,0.744,-0.370979,-0.341957,0.476,-0.240529,-0.559471,0.476,-0.341958,-0.527577,0.08,-0.353566,-0.353566,0.08,-0.272424,0.531571,0.42,-0.193476,0.425256,0.1,-0.154781,-0.154781,0.1,-0.425257,-0.193475,0.42,-0.531571,0.193476,0.42,0.53157,0.15478,0.1,0.425256,0.425256,0.1,-0.154781,0.531571,0.42,-0.193476,-0.53157,0.42,0.193475,-0.425256,0.1,0.15478,0.15478,0.1,0.425256,0.193476,0.42,0.53157,-0.53157,0.42,0.193475,-0.265785,0.98,0.096737,-0.096738,0.98,-0.265786,-0.193475,0.42,-0.531571,-0.425256,0.1,0.15478,-0.53157,0.42,0.193475,-0.193475,0.42,-0.531571,-0.154781,0.1,-0.425257,-0.265785,0.98,0.096737,-0.53157,0.42,0.193475,0.193476,0.42,0.53157,0.096738,0.98,0.265785,0.096738,0.98,0.265785,0.193476,0.42,0.53157,0.531571,0.42,-0.193476,0.265785,0.98,-0.096738,0.265785,0.98,-0.096738,0.531571,0.42,-0.193476,-0.193475,0.42,-0.531571,-0.096738,0.98,-0.265786,-0.458043,0.476,-0.559472,-0.240529,0.476,-0.458043,-0.272423,0.08,-0.446435,-0.446434,0.08,-0.527577,-0.479735,0.744,-0.370979,-0.370979,0.744,-0.320265,-0.320264,0.744,-0.429022,-0.429021,0.744,-0.479736,-0.272423,0.08,-0.446435,-0.353566,0.08,-0.272424,-0.527577,0.08,-0.353566,-0.446434,0.08,-0.527577],
    "faces": [35,0,1,2,3,0,0,0,0,0,35,4,5,6,7,0,1,1,1,1,35,8,9,10,11,0,2,3,2,2,35,12,13,14,15,0,4,4,4,4,35,16,17,18,19,0,5,5,5,5,35,20,21,22,23,0,6,6,6,6,35,24,25,26,27,0,7,7,7,7,35,28,29,30,31,0,8,8,8,8,35,32,33,34,35,0,9,9,9,9,35,36,37,38,39,0,10,10,10,10,35,40,41,42,43,0,11,11,11,11,35,44,45,46,47,0,12,12,12,12,35,48,49,50,51,0,13,13,13,13,35,52,53,54,55,0,14,14,14,14,35,56,57,58,59,0,15,15,15,15,35,60,61,62,63,0,16,16,16,16,35,64,65,66,67,0,17,17,17,17,35,68,69,70,71,0,18,18,18,18,35,72,73,74,75,0,2,2,2,2,35,76,77,78,79,0,1,19,1,1],
    "uvs": []
}