{
    "uvs": [],
    "normals": [0,-1,0,0,1,0,1,0,0,0,0,1,-1,0,0,0,0,-0.999969,0,0,-1,0,-0.999969,0,0.999969,0,0,0,0,0.999969],
    "faces": [35,0,1,2,3,0,0,0,0,0,35,4,5,6,7,0,1,1,1,1,35,8,9,10,11,0,2,2,2,2,35,12,13,14,15,0,3,3,3,3,35,16,17,18,19,0,4,4,4,4,35,20,21,22,23,0,5,6,6,5,35,24,25,26,27,0,0,0,7,0,35,28,29,30,31,0,1,1,1,1,35,32,33,34,35,0,2,2,2,2,35,36,37,38,39,0,3,3,3,3,35,40,41,42,43,0,4,4,4,4,35,44,45,46,47,0,6,6,6,6,35,48,49,50,51,0,1,1,1,1,35,52,53,54,55,0,0,0,0,0,35,56,57,58,59,0,1,1,1,1,35,60,61,62,63,0,2,2,2,2,35,64,65,66,67,0,3,3,3,3,35,68,69,70,71,0,4,4,4,4,35,72,73,74,75,0,6,6,6,6,35,76,77,78,79,0,0,0,7,0,35,80,81,82,83,0,0,0,7,0,35,84,85,86,87,0,1,1,1,1,35,88,89,90,91,0,2,2,2,2,35,92,93,94,95,0,3,3,3,3,35,96,97,98,99,0,4,4,4,4,35,100,101,102,103,0,6,6,6,6,35,104,105,106,107,0,0,0,0,0,35,108,109,110,111,0,1,1,1,1,35,112,113,114,115,0,2,2,2,2,35,116,117,118,119,0,3,3,3,3,35,120,121,122,123,0,4,4,4,4,35,124,125,126,127,0,6,6,6,6,35,128,129,130,131,0,7,0,7,7,35,132,133,134,135,0,1,1,1,1,35,136,137,138,139,0,2,8,2,2,35,140,141,142,143,0,3,9,3,9,35,144,145,146,147,0,4,4,4,4,35,148,149,150,151,0,6,6,6,6,35,152,153,154,155,0,2,2,2,2,35,156,157,158,159,0,3,3,3,3,35,160,161,162,163,0,4,4,4,4,35,164,165,166,167,0,6,6,6,6,35,168,169,170,171,0,0,0,0,0,35,172,173,174,175,0,1,1,1,1,35,176,177,178,179,0,2,2,2,2,35,180,181,182,183,0,3,3,3,3,35,184,185,186,187,0,4,4,4,4,35,188,189,190,191,0,6,6,6,6,35,192,193,194,195,0,0,0,0,0,35,196,197,198,199,0,1,1,1,1,35,200,201,202,203,0,2,2,2,2,35,204,205,206,207,0,3,3,3,3,35,208,209,210,211,0,4,4,4,4,35,212,213,214,215,0,6,6,6,6,35,216,217,218,219,0,0,0,0,0,35,220,221,222,223,0,1,1,1,1,35,224,225,226,227,0,2,2,2,2,35,228,229,230,231,0,3,3,3,3,35,232,233,234,235,0,4,4,4,4,35,236,237,238,239,0,6,6,6,6],
    "name": "Cube.011Geometry.2",
    "vertices": [0.4,0.5,-0.4,0.4,0.5,0.4,-0.4,0.5,0.4,-0.4,0.5,-0.4,0.4,0.6,-0.4,-0.4,0.6,-0.4,-0.4,0.6,0.4,0.399999,0.6,0.4,0.4,0.5,-0.4,0.4,0.6,-0.4,0.399999,0.6,0.4,0.4,0.5,0.4,0.4,0.5,0.4,0.399999,0.6,0.4,-0.4,0.6,0.4,-0.4,0.5,0.4,-0.4,0.5,0.4,-0.4,0.6,0.4,-0.4,0.6,-0.4,-0.4,0.5,-0.4,0.4,0.6,-0.4,0.4,0.5,-0.4,-0.4,0.5,-0.4,-0.4,0.6,-0.4,-0.26,0,0.26,-0.26,0,0.34,-0.34,0,0.34,-0.34,0,0.26,-0.26,0.55,0.26,-0.34,0.55,0.26,-0.34,0.55,0.34,-0.26,0.55,0.34,-0.26,0,0.26,-0.26,0.55,0.26,-0.26,0.55,0.34,-0.26,0,0.34,-0.26,0,0.34,-0.26,0.55,0.34,-0.34,0.55,0.34,-0.34,0,0.34,-0.34,0,0.34,-0.34,0.55,0.34,-0.34,0.55,0.26,-0.34,0,0.26,-0.26,0.55,0.26,-0.26,0,0.26,-0.34,0,0.26,-0.34,0.55,0.26,-0.26,0.55,-0.34,-0.34,0.55,-0.34,-0.34,0.55,-0.26,-0.26,0.55,-0.26,0.34,0,0.26,0.34,0,0.34,0.26,0,0.34,0.26,0,0.26,0.34,0.55,0.26,0.26,0.55,0.26,0.26,0.55,0.34,0.34,0.55,0.34,0.34,0,0.26,0.34,0.55,0.26,0.34,0.55,0.34,0.34,0,0.34,0.34,0,0.34,0.34,0.55,0.34,0.26,0.55,0.34,0.26,0,0.34,0.26,0,0.34,0.26,0.55,0.34,0.26,0.55,0.26,0.26,0,0.26,0.34,0.55,0.26,0.34,0,0.26,0.26,0,0.26,0.26,0.55,0.26,-0.26,-0,-0.34,-0.26,-0,-0.26,-0.34,-0,-0.26,-0.34,-0,-0.34,-0.26,0.55,0.26,-0.26,0.55,0.34,-0.34,0.55,0.34,-0.34,0.55,0.26,-0.26,1.1,0.26,-0.34,1.1,0.26,-0.34,1.1,0.34,-0.26,1.1,0.34,-0.26,0.55,0.26,-0.26,1.1,0.26,-0.26,1.1,0.34,-0.26,0.55,0.34,-0.26,0.55,0.34,-0.26,1.1,0.34,-0.34,1.1,0.34,-0.34,0.55,0.34,-0.34,0.55,0.34,-0.34,1.1,0.34,-0.34,1.1,0.26,-0.34,0.55,0.26,-0.26,1.1,0.26,-0.26,0.55,0.26,-0.34,0.55,0.26,-0.34,1.1,0.26,0.34,0.55,0.26,0.34,0.55,0.34,0.26,0.55,0.34,0.26,0.55,0.26,0.34,1.1,0.26,0.26,1.1,0.26,0.26,1.1,0.34,0.34,1.1,0.34,0.34,0.55,0.26,0.34,1.1,0.26,0.34,1.1,0.34,0.34,0.55,0.34,0.34,0.55,0.34,0.34,1.1,0.34,0.26,1.1,0.34,0.26,0.55,0.34,0.26,0.55,0.34,0.26,1.1,0.34,0.26,1.1,0.26,0.26,0.55,0.26,0.34,1.1,0.26,0.34,0.55,0.26,0.26,0.55,0.26,0.26,1.1,0.26,0.4,1.1,0.25,0.4,1.1,0.35,-0.4,1.1,0.35,-0.4,1.1,0.25,0.4,1.3,0.25,-0.4,1.3,0.25,-0.4,1.3,0.35,0.399999,1.3,0.35,0.4,1.1,0.25,0.4,1.3,0.25,0.399999,1.3,0.35,0.4,1.1,0.35,0.4,1.1,0.35,0.399999,1.3,0.35,-0.4,1.3,0.35,-0.4,1.1,0.35,-0.4,1.1,0.35,-0.4,1.3,0.35,-0.4,1.3,0.25,-0.4,1.1,0.25,0.4,1.3,0.25,0.4,1.1,0.25,-0.4,1.1,0.25,-0.4,1.3,0.25,-0.26,-0,-0.34,-0.26,0.55,-0.34,-0.26,0.55,-0.26,-0.26,-0,-0.26,-0.26,-0,-0.26,-0.26,0.55,-0.26,-0.34,0.55,-0.26,-0.34,-0,-0.26,-0.34,-0,-0.26,-0.34,0.55,-0.26,-0.34,0.55,-0.34,-0.34,-0,-0.34,-0.26,0.55,-0.34,-0.26,-0,-0.34,-0.34,-0,-0.34,-0.34,0.55,-0.34,0.34,-0,-0.34,0.34,-0,-0.26,0.26,-0,-0.26,0.26,-0,-0.34,0.34,0.55,-0.34,0.26,0.55,-0.34,0.26,0.55,-0.26,0.34,0.55,-0.26,0.34,-0,-0.34,0.34,0.55,-0.34,0.34,0.55,-0.26,0.34,-0,-0.26,0.34,-0,-0.26,0.34,0.55,-0.26,0.26,0.55,-0.26,0.26,-0,-0.26,0.26,-0,-0.26,0.26,0.55,-0.26,0.26,0.55,-0.34,0.26,-0,-0.34,0.34,0.55,-0.34,0.34,-0,-0.34,0.26,-0,-0.34,0.26,0.55,-0.34,-0.06,0.55,0.26,-0.06,0.55,0.34,-0.14,0.55,0.34,-0.14,0.55,0.26,-0.06,1.1,0.26,-0.14,1.1,0.26,-0.14,1.1,0.34,-0.06,1.1,0.34,-0.06,0.55,0.26,-0.06,1.1,0.26,-0.06,1.1,0.34,-0.06,0.55,0.34,-0.06,0.55,0.34,-0.06,1.1,0.34,-0.14,1.1,0.34,-0.14,0.55,0.34,-0.14,0.55,0.34,-0.14,1.1,0.34,-0.14,1.1,0.26,-0.14,0.55,0.26,-0.06,1.1,0.26,-0.06,0.55,0.26,-0.14,0.55,0.26,-0.14,1.1,0.26,0.14,0.55,0.26,0.14,0.55,0.34,0.06,0.55,0.34,0.06,0.55,0.26,0.14,1.1,0.26,0.06,1.1,0.26,0.06,1.1,0.34,0.14,1.1,0.34,0.14,0.55,0.26,0.14,1.1,0.26,0.14,1.1,0.34,0.14,0.55,0.34,0.14,0.55,0.34,0.14,1.1,0.34,0.06,1.1,0.34,0.06,0.55,0.34,0.06,0.55,0.34,0.06,1.1,0.34,0.06,1.1,0.26,0.06,0.55,0.26,0.14,1.1,0.26,0.14,0.55,0.26,0.06,0.55,0.26,0.06,1.1,0.26],
    "metadata": {
        "uvs": 0,
        "faces": 60,
        "materials": 1,
        "type": "Geometry",
        "normals": 10,
        "version": 3,
        "vertices": 240,
        "generator": "io_three"
    },
    "materials": [{
        "colorAmbient": [0.64,0.64,0.64],
        "depthTest": true,
        "transparent": false,
        "visible": true,
        "DbgColor": 15658734,
        "DbgIndex": 0,
        "depthWrite": true,
        "specularCoef": 1,
        "DbgName": "wood_furniture",
        "colorDiffuse": [0.64,0.64,0.64],
        "opacity": 1,
        "blending": "NormalBlending",
        "colorEmissive": [0,0,0],
        "shading": "phong",
        "colorSpecular": [0.0,0.0,0.0],
        "wireframe": false
    }]
}