{
    "uvs": [],
    "normals": [0.577349,-0.577319,-0.577349,0.577349,-0.577349,0.577319,-0.577349,-0.577349,0.577349,-0.577349,-0.577349,-0.577349,0.577349,0.577349,-0.577319,-0.577349,0.577349,-0.577349,-0.577349,0.577319,0.577349,0.577319,0.577349,0.577349,0.577349,-0.577349,-0.577349,0.577349,-0.577349,0.577349,0.577349,0.577349,-0.577349,-0.577349,0.577349,0.577349,0.577349,0.577349,0.577349,0.577349,-0.577349,-0.577319,-0.577319,-0.577349,-0.577349],
    "faces": [35,0,1,4,2,0,0,1,2,3,35,3,7,6,5,0,4,5,6,7,35,0,3,5,1,0,0,4,7,1,35,1,5,6,4,0,1,7,6,2,35,4,6,7,2,0,2,6,5,3,35,3,0,2,7,0,4,0,3,5,35,8,9,12,10,0,8,9,2,3,35,11,15,14,13,0,10,5,11,12,35,8,11,13,9,0,8,10,12,9,35,9,13,14,12,0,9,12,11,2,35,12,14,15,10,0,2,11,5,3,35,11,8,10,15,0,10,8,3,5,35,31,17,19,21,0,10,5,11,12,35,22,23,26,24,0,8,9,2,3,35,25,29,28,27,0,10,5,11,12,35,22,25,27,23,0,8,10,12,9,35,23,27,28,26,0,9,12,11,2,35,26,28,29,24,0,2,11,5,3,35,25,22,24,29,0,10,8,3,5,35,30,20,18,16,0,8,9,2,3,35,32,33,36,34,0,8,9,2,3,35,35,39,38,37,0,10,5,11,12,35,32,35,37,33,0,8,10,12,9,35,33,37,38,36,0,9,12,11,2,35,36,38,39,34,0,2,11,5,3,35,35,32,34,39,0,10,8,3,5,35,40,41,44,42,0,8,9,2,3,35,43,47,46,45,0,10,5,11,12,35,40,43,45,41,0,8,10,12,9,35,41,45,46,44,0,9,12,11,2,35,44,46,47,42,0,2,11,5,3,35,43,40,42,47,0,10,8,3,5,35,48,49,52,50,0,13,9,2,14,35,51,55,54,53,0,4,5,11,7,35,48,51,53,49,0,13,4,7,9,35,49,53,54,52,0,9,7,11,2,35,52,54,55,50,0,2,11,5,14,35,51,48,50,55,0,4,13,14,5,35,30,31,21,20,0,8,10,12,9,35,20,21,19,18,0,9,12,11,2,35,18,19,17,16,0,2,11,5,3,35,31,30,16,17,0,10,8,3,5,35,56,57,60,58,0,8,9,2,3,35,59,63,62,61,0,10,5,11,12,35,56,59,61,57,0,8,10,12,9,35,57,61,62,60,0,9,12,11,2,35,60,62,63,58,0,2,11,5,3,35,59,56,58,63,0,10,8,3,5,35,64,65,68,66,0,8,9,2,3,35,67,71,70,69,0,10,5,11,12,35,64,67,69,65,0,8,10,12,9,35,65,69,70,68,0,9,12,11,2,35,68,70,71,66,0,2,11,5,3,35,67,64,66,71,0,10,8,3,5,35,72,73,76,74,0,8,9,2,3,35,75,79,78,77,0,10,5,11,12,35,72,75,77,73,0,8,10,12,9,35,73,77,78,76,0,9,12,11,2,35,76,78,79,74,0,2,11,5,3,35,75,72,74,79,0,10,8,3,5],
    "name": "Cube.011Geometry.1",
    "vertices": [0.4,0.5,-0.4,0.4,0.5,0.4,-0.4,0.5,-0.4,0.4,0.6,-0.4,-0.4,0.5,0.4,0.399999,0.6,0.4,-0.4,0.6,0.4,-0.4,0.6,-0.4,-0.26,0,0.26,-0.26,0,0.34,-0.34,0,0.26,-0.26,0.55,0.26,-0.34,0,0.34,-0.26,0.55,0.34,-0.34,0.55,0.34,-0.34,0.55,0.26,-0.34,-0,-0.34,-0.34,0.55,-0.34,-0.34,-0,-0.26,-0.34,0.55,-0.26,-0.26,-0,-0.26,-0.26,0.55,-0.26,0.34,0,0.26,0.34,0,0.34,0.26,0,0.26,0.34,0.55,0.26,0.26,0,0.34,0.34,0.55,0.34,0.26,0.55,0.34,0.26,0.55,0.26,-0.26,-0,-0.34,-0.26,0.55,-0.34,-0.26,0.55,0.26,-0.26,0.55,0.34,-0.34,0.55,0.26,-0.26,1.1,0.26,-0.34,0.55,0.34,-0.26,1.1,0.34,-0.34,1.1,0.34,-0.34,1.1,0.26,0.34,0.55,0.26,0.34,0.55,0.34,0.26,0.55,0.26,0.34,1.1,0.26,0.26,0.55,0.34,0.34,1.1,0.34,0.26,1.1,0.34,0.26,1.1,0.26,0.4,1.1,0.25,0.4,1.1,0.35,-0.4,1.1,0.25,0.4,1.3,0.25,-0.4,1.1,0.35,0.399999,1.3,0.35,-0.4,1.3,0.35,-0.4,1.3,0.25,0.34,-0,-0.34,0.34,-0,-0.26,0.26,-0,-0.34,0.34,0.55,-0.34,0.26,-0,-0.26,0.34,0.55,-0.26,0.26,0.55,-0.26,0.26,0.55,-0.34,-0.06,0.55,0.26,-0.06,0.55,0.34,-0.14,0.55,0.26,-0.06,1.1,0.26,-0.14,0.55,0.34,-0.06,1.1,0.34,-0.14,1.1,0.34,-0.14,1.1,0.26,0.14,0.55,0.26,0.14,0.55,0.34,0.06,0.55,0.26,0.14,1.1,0.26,0.06,0.55,0.34,0.14,1.1,0.34,0.06,1.1,0.34,0.06,1.1,0.26],
    "metadata": {
        "uvs": 0,
        "faces": 60,
        "materials": 1,
        "type": "Geometry",
        "normals": 15,
        "version": 3,
        "vertices": 80,
        "generator": "io_three"
    },
    "materials": [{
        "colorAmbient": [0.64,0.64,0.64],
        "depthTest": true,
        "transparent": false,
        "visible": true,
        "DbgColor": 15658734,
        "DbgIndex": 0,
        "depthWrite": true,
        "specularCoef": 2,
        "DbgName": "wood_furniture",
        "colorDiffuse": [0.64,0.64,0.64],
        "opacity": 1,
        "blending": "NormalBlending",
        "colorEmissive": [0,0,0],
        "shading": "phong",
        "colorSpecular": [0.5,0.5,0.5],
        "wireframe": false
    }]
}