{
    "metadata": {
        "type": "Geometry",
        "normals": 47,
        "faces": 78,
        "uvs": 0,
        "generator": "io_three",
        "materials": 3,
        "version": 3,
        "vertices": 312
    },
    "name": "Plane.004Geometry",
    "materials": [{
        "blending": "NormalBlending",
        "colorDiffuse": [0.303917,0.45943,0.8],
        "depthTest": true,
        "DbgColor": 15597568,
        "DbgName": "Material.002",
        "specularCoef": 50,
        "DbgIndex": 1,
        "visible": true,
        "colorEmissive": [0,0,0],
        "transparent": false,
        "wireframe": false,
        "opacity": 1,
        "shading": "phong",
        "colorSpecular": [0.5,0.5,0.5],
        "depthWrite": true,
        "colorAmbient": [0.303917,0.45943,0.8]
    },{
        "blending": "NormalBlending",
        "colorDiffuse": [0.366545,0.395822,0.420024],
        "depthTest": true,
        "DbgColor": 60928,
        "DbgName": "Material",
        "specularCoef": 50,
        "DbgIndex": 2,
        "visible": true,
        "colorEmissive": [0,0,0],
        "transparent": false,
        "wireframe": false,
        "opacity": 1,
        "shading": "phong",
        "colorSpecular": [0.5,0.5,0.5],
        "depthWrite": true,
        "colorAmbient": [0.366545,0.395822,0.420024]
    },{
        "blending": "NormalBlending",
        "colorDiffuse": [0.8,0.8,0.8],
        "depthTest": true,
        "DbgColor": 15658734,
        "DbgName": "Material.001",
        "specularCoef": 50,
        "DbgIndex": 0,
        "visible": true,
        "colorEmissive": [0,0,0],
        "transparent": false,
        "wireframe": false,
        "opacity": 1,
        "shading": "phong",
        "colorSpecular": [0.5,0.5,0.5],
        "depthWrite": true,
        "colorAmbient": [0.8,0.8,0.8]
    }],
    "normals": [0,-1,0,0,-0.214881,0.976623,0.976623,-0.214881,0,0,-0.214881,-0.976623,-0.976623,-0.214881,0,0,0.999969,0,0,1,0,0,0.199957,-0.979797,-0.979797,0.199957,0,0,0.199957,0.979797,0.979797,0.199957,0,-0.402753,0.915281,0,0,0.915281,0.402753,0.402753,0.915281,0,0,0.915281,-0.402753,0,0,1,-1,0,0,1,0,0,0,0,-1,0.003815,0.999969,-0.001617,-0.001617,0.999969,-0.003815,-0.003815,0.999969,0.001617,0.001617,0.999969,0.003815,0.464461,0.885556,0.000122,0.000122,0.885556,-0.464461,-0.464461,0.885556,-0.000122,-0.000122,0.885556,0.464461,0.336467,0.885556,0.32017,0.32017,0.885556,-0.336467,-0.336467,0.885556,-0.32017,-0.32017,0.885556,0.336467,-0.461745,-0.88699,0,0,-0.88699,0.461745,0.461745,-0.88699,0,0,-0.88699,-0.461745,-0.334391,-0.88699,-0.31843,-0.31843,-0.88699,0.334391,0.334391,-0.88699,0.31843,0.31843,-0.88699,-0.334391,-0.913846,0.406018,-0.000275,-0.000275,0.406018,0.913846,0.913846,0.406018,0.000275,0.000275,0.406018,-0.913846,-0.662038,0.406018,-0.629933,-0.629933,0.406018,0.662038,0.662038,0.406018,0.629933,0.629933,0.406018,-0.662038],
    "vertices": [0.364105,-0,-0.464102,0.364102,-0,-0.335895,0.235894,-0,-0.335898,0.235897,-0,-0.464105,0.395998,0.144968,-0.303998,0.203998,0.144968,-0.304002,0.235894,-0,-0.335898,0.364102,-0,-0.335895,0.396002,0.144968,-0.495998,0.395998,0.144968,-0.303998,0.364102,-0,-0.335895,0.364105,-0,-0.464102,0.204002,0.144968,-0.496002,0.396002,0.144968,-0.495998,0.364105,-0,-0.464102,0.235897,-0,-0.464105,0.203998,0.144968,-0.304002,0.204002,0.144968,-0.496002,0.235897,-0,-0.464105,0.235894,-0,-0.335898,0.250257,0.019276,-0.449745,0.250255,0.019276,-0.350257,0.349743,0.019276,-0.350255,0.349745,0.019276,-0.449743,0.349743,0.019276,-0.350255,0.250255,0.019276,-0.350257,0.222903,0.153287,-0.322906,0.377094,0.153287,-0.322903,0.349745,0.019276,-0.449743,0.349743,0.019276,-0.350255,0.377094,0.153287,-0.322903,0.377097,0.153287,-0.477094,0.250257,0.019276,-0.449745,0.349745,0.019276,-0.449743,0.377097,0.153287,-0.477094,0.222906,0.153287,-0.477097,0.250255,0.019276,-0.350257,0.250257,0.019276,-0.449745,0.222906,0.153287,-0.477097,0.222903,0.153287,-0.322906,0.204002,0.144968,-0.496002,0.203998,0.144968,-0.304002,0.222903,0.153287,-0.322906,0.222906,0.153287,-0.477097,0.203998,0.144968,-0.304002,0.395998,0.144968,-0.303998,0.377094,0.153287,-0.322903,0.222903,0.153287,-0.322906,0.395998,0.144968,-0.303998,0.396002,0.144968,-0.495998,0.377097,0.153287,-0.477094,0.377094,0.153287,-0.322903,0.396002,0.144968,-0.495998,0.204002,0.144968,-0.496002,0.222906,0.153287,-0.477097,0.377097,0.153287,-0.477094,0.345,0.0375,-0.15,0.345,0.0025,-0.15,0.39,0.0025,-0.15,0.39,0.0375,-0.15,0.345,0.0375,-0.25,0.345,0.0025,-0.25,0.345,0.0025,-0.2,0.345,0.0375,-0.2,0.345,0.0375,-0.15,0.345,0.0375,0.25,0.345,0.0025,0.25,0.345,0.0025,-0.15,0.345,0.0375,0.25,0.295,0.0375,0.25,0.295,0.0025,0.25,0.345,0.0025,0.25,0.295,0.0375,-0.2,0.295,0.0025,-0.2,0.295,0.0025,-0.25,0.295,0.0375,-0.25,0.345,0.0375,-0.2,0.345,0.0025,-0.2,0.295,0.0025,-0.2,0.295,0.0375,-0.2,0.345,0.0375,0.25,0.345,0.0375,-0.15,0.295,0.0375,-0.15,0.295,0.0375,0.25,0.295,0.0025,0.25,0.295,0.0025,-0.15,0.345,0.0025,-0.15,0.345,0.0025,0.25,0.345,0.0025,-0.2,0.345,0.0025,-0.25,0.39,0.0025,-0.25,0.39,0.0025,-0.2,0.295,0.0375,0.25,0.295,0.0375,-0.15,0.295,0.0025,-0.15,0.295,0.0025,0.25,0.25,0.0375,-0.2,0.25,0.0375,-0.25,0.25,0.0025,-0.25,0.25,0.0025,-0.2,0.39,0.0375,-0.2,0.39,0.0375,-0.15,0.39,0.0025,-0.15,0.39,0.0025,-0.2,0.345,0.0025,-0.25,0.345,0.0375,-0.25,0.39,0.0375,-0.25,0.39,0.0025,-0.25,0.345,0.0375,-0.2,0.345,0.0375,-0.15,0.39,0.0375,-0.15,0.39,0.0375,-0.2,0.295,0.0375,-0.2,0.295,0.0375,-0.25,0.25,0.0375,-0.25,0.25,0.0375,-0.2,0.295,0.0025,-0.15,0.295,0.0375,-0.15,0.25,0.0375,-0.15,0.25,0.0025,-0.15,0.295,0.0025,-0.2,0.295,0.0025,-0.15,0.25,0.0025,-0.15,0.25,0.0025,-0.2,0.295,0.0375,-0.25,0.295,0.0025,-0.25,0.25,0.0025,-0.25,0.25,0.0375,-0.25,0.295,0.0025,-0.25,0.295,0.0025,-0.2,0.25,0.0025,-0.2,0.25,0.0025,-0.25,0.295,0.0375,-0.15,0.295,0.0375,-0.2,0.25,0.0375,-0.2,0.25,0.0375,-0.15,0.345,0.0375,-0.25,0.345,0.0375,-0.2,0.39,0.0375,-0.2,0.39,0.0375,-0.25,0.39,0.0375,-0.25,0.39,0.0375,-0.2,0.39,0.0025,-0.2,0.39,0.0025,-0.25,0.25,0.0375,-0.15,0.25,0.0375,-0.2,0.25,0.0025,-0.2,0.25,0.0025,-0.15,0.345,0.0025,-0.15,0.345,0.0025,-0.2,0.39,0.0025,-0.2,0.39,0.0025,-0.15,0.345,0.0375,-0.15,0.345,0.0375,-0.2,0.295,0.0375,-0.2,0.295,0.0375,-0.15,0.295,0.0025,-0.15,0.295,0.0025,-0.2,0.345,0.0025,-0.2,0.345,0.0025,-0.15,-0.345,0.0375,0.25,-0.345,0.0375,-0.25,-0.345,0.0025,-0.25,-0.345,0.0025,0.25,-0.345,0.0375,-0.25,-0.295,0.0375,-0.25,-0.295,0.0025,-0.25,-0.345,0.0025,-0.25,-0.295,0.0375,-0.25,-0.295,0.0375,0.25,-0.295,0.0025,0.25,-0.295,0.0025,-0.25,-0.295,0.0375,0.25,-0.345,0.0375,0.25,-0.345,0.0025,0.25,-0.295,0.0025,0.25,-0.345,0.0025,0.25,-0.345,0.0025,-0.25,-0.295,0.0025,-0.25,-0.295,0.0025,0.25,-0.295,0.0375,0.25,-0.295,0.0375,-0.25,-0.345,0.0375,-0.25,-0.345,0.0375,0.25,0,0.02,-0,0.168528,0.019239,0.067399,0.168556,0.019235,-0.072251,0.067399,0.019239,-0.168528,-0.168528,0.019239,-0.067399,0,0.02,-0,0.067399,0.019239,-0.168528,-0.072251,0.019235,-0.168556,-0.168556,0.019235,0.072251,-0.067399,0.019239,0.168528,0,0.02,-0,-0.168528,0.019239,-0.067399,-0.067399,0.019239,0.168528,0.072251,0.019235,0.168556,0.168528,0.019239,0.067399,0,0.02,-0,-0.168556,0.019235,0.072251,-0.168528,0.019239,-0.067399,-0.251899,0.062974,-0.10074,-0.252032,0.063009,0.108033,0.072251,0.019235,0.168556,-0.067399,0.019239,0.168528,-0.10074,0.062974,0.251899,0.108033,0.063009,0.252032,0.168556,0.019235,-0.072251,0.168528,0.019239,0.067399,0.251899,0.062974,0.10074,0.252032,0.063009,-0.108033,-0.072251,0.019235,-0.168556,0.067399,0.019239,-0.168528,0.10074,0.062974,-0.251899,-0.108033,0.063009,-0.252032,-0.168528,0.019239,-0.067399,-0.072251,0.019235,-0.168556,-0.108033,0.063009,-0.252032,-0.251899,0.062974,-0.10074,-0.067399,0.019239,0.168528,-0.168556,0.019235,0.072251,-0.252032,0.063009,0.108033,-0.10074,0.062974,0.251899,0.168528,0.019239,0.067399,0.072251,0.019235,0.168556,0.108033,0.063009,0.252032,0.251899,0.062974,0.10074,0.067399,0.019239,-0.168528,0.168556,0.019235,-0.072251,0.252032,0.063009,-0.108033,0.10074,