{
    "metadata": {
        "type": "Geometry",
        "normals": 42,
        "faces": 66,
        "uvs": 0,
        "generator": "io_three",
        "materials": 2,
        "version": 3,
        "vertices": 264
    },
    "name": "Cube.033Geometry",
    "materials": [{
        "blending": "NormalBlending",
        "colorDiffuse": [0.559601,0.032154,0.071235],
        "depthTest": true,
        "DbgColor": 15658734,
        "DbgName": "Material.029",
        "DbgIndex": 0,
        "visible": true,
        "colorEmissive": [0,0,0],
        "transparent": false,
        "wireframe": false,
        "opacity": 1,
        "shading": "lambert",
        "depthWrite": true,
        "colorAmbient": [0.559601,0.032154,0.071235]
    },{
        "blending": "NormalBlending",
        "colorDiffuse": [0.774272,0.765233,0.653312],
        "depthTest": true,
        "DbgColor": 15597568,
        "DbgName": "Material.028",
        "DbgIndex": 1,
        "visible": true,
        "colorEmissive": [0,0,0],
        "transparent": false,
        "wireframe": false,
        "opacity": 1,
        "shading": "lambert",
        "depthWrite": true,
        "colorAmbient": [0.774272,0.765233,0.653312]
    }],
    "normals": [0.765679,0.030702,-0.642476,-0.580279,-0.221229,-0.783776,-0.674856,-0.473159,0.566271,0.671102,-0.221229,0.707572,-0.198248,0.965911,0.166356,0.198248,-0.965911,-0.166356,0.880947,-0.473159,0,-0.059267,-0.221229,-0.973388,-0.999512,0.030702,0,-0.059267,-0.221229,0.973388,0.258797,0.965911,0,-0.258797,-0.965911,0,0.964354,-0.05652,0.2584,0.290353,-0.225532,-0.929929,-0.887539,-0.394574,-0.2378,-0.213507,-0.225532,0.95053,-0.16773,0.984802,-0.044923,0.16773,-0.984802,0.044923,-0.642476,0.030702,0.765679,0.707572,-0.221229,0.671102,0.566271,-0.473159,-0.674856,-0.783776,-0.221229,-0.580279,0.166356,0.965911,-0.198248,-0.166356,-0.965911,0.198248,-0.86758,-0.473159,0.152959,0.227393,-0.221229,0.948332,0.984313,0.030702,-0.173559,-0.11063,-0.221229,-0.968902,-0.25486,0.965911,0.044923,0.25486,-0.965911,-0.044923,-0.994598,-0.05652,-0.087008,-0.124454,-0.225532,0.966247,0.915342,-0.394574,0.080081,0.045198,-0.225532,-0.973174,0.172979,0.984802,0.015107,-0.172979,-0.984802,-0.015107,0.0871,0.030702,0.995697,0.974853,-0.221229,-0.025758,-0.076754,-0.473159,-0.87759,-0.964538,-0.221229,0.143864,-0.022553,0.965911,-0.25782,0.022553,-0.965911,0.25782],
    "vertices": [-0.029547,0.045061,0.094338,-0.095111,0.045061,0.016201,-0.120457,0.193437,-0.006914,-0.011183,0.193437,0.123313,-0.095111,0.045061,0.016201,-0.170585,0.018661,0.079532,-0.246247,0.149438,0.098636,-0.120457,0.193437,-0.006914,-0.170585,0.018661,0.079532,-0.105021,0.018661,0.157668,-0.136973,0.149438,0.228864,-0.246247,0.149438,0.098636,-0.105021,0.018661,0.157668,-0.029547,0.045061,0.094338,-0.011183,0.193437,0.123313,-0.136973,0.149438,0.228864,-0.011183,0.193437,0.123313,-0.120457,0.193437,-0.006914,-0.246247,0.149438,0.098636,-0.136973,0.149438,0.228864,-0.105021,0.018661,0.157668,-0.170585,0.018661,0.079532,-0.095111,0.045061,0.016201,-0.029547,0.045061,0.094338,0.117589,0.164494,-0.040325,0.117589,0.164494,-0.111725,0.156924,0.237729,-0.130765,0.156924,0.237729,-0.021285,0.117589,0.164494,-0.111725,0.048622,0.182974,-0.111725,0.051174,0.266065,-0.130765,0.156924,0.237729,-0.130765,0.048622,0.182974,-0.111725,0.048622,0.182974,-0.040325,0.051174,0.266065,-0.021285,0.051174,0.266065,-0.130765,0.048622,0.182974,-0.040325,0.117589,0.164494,-0.040325,0.156924,0.237729,-0.021285,0.051174,0.266065,-0.021285,0.156924,0.237729,-0.021285,0.156924,0.237729,-0.130765,0.051174,0.266065,-0.130765,0.051174,0.266065,-0.021285,0.048622,0.182974,-0.040325,0.048622,0.182974,-0.111725,0.117589,0.164494,-0.111725,0.117589,0.164494,-0.040325,0.140836,0.162346,0.192077,0.168556,0.162346,0.088626,0.182756,0.286842,0.062864,0.140253,0.286842,0.221488,0.168556,0.162346,0.088626,0.066677,0.143749,0.061328,0.026542,0.258325,0.021006,0.182756,0.286842,0.062864,0.066677,0.143749,0.061328,0.038957,0.143749,0.164778,-0.015961,0.258325,0.17963,0.026542,0.258325,0.021006,0.038957,0.143749,0.164778,0.140836,0.162346,0.192077,0.140253,0.286842,0.221488,-0.015961,0.258325,0.17963,0.140253,0.286842,0.221488,0.182756,0.286842,0.062864,0.026542,0.258325,0.021006,-0.015961,0.258325,0.17963,0.038957,0.143749,0.164778,0.066677,0.143749,0.061328,0.168556,0.162346,0.088626,0.140836,0.162346,0.192077,0.06936,0.045061,-0.205055,0.147496,0.045061,-0.139491,0.176471,0.193437,-0.121128,0.046244,0.193437,-0.230401,0.147496,0.045061,-0.139491,0.210827,0.018661,-0.214965,0.282022,0.149438,-0.246918,0.176471,0.193437,-0.121128,0.210827,0.018661,-0.214965,0.13269,0.018661,-0.280529,0.151794,0.149438,-0.356192,0.282022,0.149438,-0.246918,0.13269,0.018661,-0.280529,0.06936,0.045061,-0.205055,0.046244,0.193437,-0.230401,0.151794,0.149438,-0.356192,0.046244,0.193437,-0.230401,0.176471,0.193437,-0.121128,0.282022,0.149438,-0.246918,0.151794,0.149438,-0.356192,0.13269,0.018661,-0.280529,0.210827,0.018661,-0.214965,0.147496,0.045061,-0.139491,0.06936,0.045061,-0.205055,-0.043202,0.178991,-0.037591,-0.034523,0.178991,0.011629,-0.059325,0.230255,0.029536,-0.072633,0.230255,-0.045936,-0.034523,0.178991,0.011629,0.01302,0.191926,0.003246,0.013575,0.25009,0.016682,-0.059325,0.230255,0.029536,0.01302,0.191926,0.003246,0.004341,0.191926,-0.045975,0.000267,0.25009,-0.05879,0.013575,0.25009,0.016682,0.004341,0.191926,-0.045975,-0.043202,0.178991,-0.037591,-0.072633,0.230255,-0.045936,0.000267,0.25009,-0.05879,-0.072633,0.230255,-0.045936,-0.059325,0.230255,0.029536,0.013575,0.25009,0.016682,0.000267,0.25009,-0.05879,0.004341,0.191926,-0.045975,0.01302,0.191926,0.003246,-0.034523,0.178991,0.011629,-0.043202,0.178991,-0.037591,-0.103733,0.07244,-0.25995,-0.111201,0.07244,-0.174596,-0.11881,0.172036,-0.152327,-0.10736,0.172036,-0.283203,-0.111201,0.07244,-0.174596,-0.027144,0.057562,-0.167242,0.010078,0.149223,-0.14105,-0.11881,0.172036,-0.152327,-0.027144,0.057562,-0.167242,-0.019676,0.057562,-0.252596,0.021528,0.149223,-0.271927,0.010078,0.149223,-0.14105,-0.019676,0.057562,-0.252596,-0.103733,0.07244,-0.25995,-0.10736,0.172036,-0.283203,0.021528,0.149223,-0.271927,-0.10736,0.172036,-0.283203,-0.11881,0.172036,-0.152327,0.010078,0.149223,-0.14105,0.021528,0.149223,-0.271927,-0.019676,0.057562,-0.252596,-0.027144,0.057562,-0.167242,-0.111201,0.07244,-0.174596,-0.103733,0.07244,-0.25995,-0.129546,0.045061,-0.305662,-0.195111,0.045061,-0.383799,-0.220457,0.193437,-0.406914,-0.111183,0.193437,-0.276687,-0.195111,0.045061,-0.383799,-0.270585,0.018661,-0.320468,-0.346247,0.149438,-0.301364,-0.220457,0.193437,-0.406914,-0.270585,0.018661,-0.320468,-0.205021,0.018661,-0.242332,-0.236973,0.149438,-0.171136,-0.346247,0.149438,-0.301364,-0.205021,0.018661,-0.242332,-0.129546,0.045061,-0.305662,-0.111183,0.193437,-0.276687,-0.236973,0.149438,-0.171136,-0.111183,0.193437,-0.276687,-0.220457,0.193437,-0.406914,-0.346247,0.149438,-0.301364,-0.236973,0.149438,-0.171136,-0.205021,0.018661,-0.242332,-0.270585,0.018661,-0.320468,-0.195111,0.045061,-0.383799,-0.129546,0.045061,-0.305662,-0.282411,0.164494,0.259675,-0.282411,0.164494,0.188275,-0.243076,0.237729,0.169235,-0.243076,0.237729,0.278715,-0.282411,0.164494,0.188275,-0.351378,0.182974,0.188275,-0.348826,0.266065,0.169235,-0.243076,0.237729,0.169235,-0.351378,0.182974,0.188275,-0.351378,0.182974,0.259675,-0.348826,0.266065,0.278715,-0.348826,0.266065,0.169235,-0.351378,0.182974,0.259675,-0.282411,0.164494,0.259675,-0.243076,0.237729,0.278715,-0.348826,0.266065,0.278715,-0.243076,0.237729,0.278715,-0.243076,0.237729,0.169235,-0.348826,0.266065,0.169235,-0.348826,0.266065,0.278715,-0.351378,0.182974,0.259675,-0.351378,0.182974,0.188275,-0.282411,0.164494,0.188275,-0.282411,0.164494,0.259675,0.040836,0.162346,0.392077,0.068556,0.162346,0.288626,0.082756,0.286842,0.262864,0.040253,0.286842,0.421488,0.068556,0.162346,0.288626,-0.033323,0.143749,0.261328,-0.073458,0.258325,0.221006,0.082756,0.286842,0.262864,-0.033323,0.143749,