{
    "metadata": {
        "type": "Geometry",
        "normals": 37,
        "faces": 94,
        "uvs": 0,
        "generator": "io_three",
        "materials": 2,
        "version": 3,
        "vertices": 376
    },
    "name": "Cube.040Geometry",
    "materials": [{
        "blending": "NormalBlending",
        "colorDiffuse": [0.8,0.78304,0.733426],
        "depthTest": true,
        "DbgColor": 15658734,
        "DbgName": "Material.050",
        "DbgIndex": 0,
        "visible": true,
        "colorEmissive": [0,0,0],
        "transparent": false,
        "wireframe": false,
        "opacity": 1,
        "shading": "lambert",
        "depthWrite": true,
        "colorAmbient": [0.8,0.78304,0.733426]
    },{
        "blending": "NormalBlending",
        "colorDiffuse": [0.8,0.260564,0.032287],
        "depthTest": true,
        "DbgColor": 15597568,
        "DbgName": "Material.051",
        "specularCoef": 50,
        "DbgIndex": 1,
        "visible": true,
        "colorEmissive": [0,0,0],
        "transparent": false,
        "wireframe": false,
        "opacity": 1,
        "shading": "phong",
        "colorSpecular": [0.352632,0.352632,0.352632],
        "depthWrite": true,
        "colorAmbient": [0.8,0.260564,0.032287]
    }],
    "normals": [-0.969085,0.174413,0.174413,0,0.992248,0.124027,0,0.447188,-0.894406,0.955504,0.151738,0.252907,-0.955504,0.151738,0.252907,0,0,1,0,0,0.999969,-0.974364,0,-0.22483,0,0,-1,0.939146,-0.048555,0.340037,0,-0.316202,0.948668,0,-0.734794,-0.678274,0,0.974364,0.22483,0,1,0,0,-0.919126,0.393902,0,-1,0,0.974364,0,-0.22483,1,0,0,-0.939146,-0.048555,0.340037,-1,0,0,0.976653,0.200446,0.07709,-0.976653,0.200446,0.07709,0.969085,0.174413,0.174413,-0.991211,0.132145,0,0.991211,0.132145,0,0,-0.992248,0.124027,0,-0.115879,-0.993255,-0.928465,-0.37138,0,0,0.976135,0.217048,-0.906278,-0.419752,-0.048952,0.928465,-0.37138,0,0,-0.115879,0.993255,0,-0.164373,0.986389,0,-0.999939,-0.010926,-0.988128,0.152532,0.017792,0.906278,-0.419752,-0.048952,0.988128,0.152532,0.017792],
    "vertices": [-0.13,0.8,0.266667,-0.08,0.8,0.5,-0.07,0.9,0.5,-0.095,0.9,0.316667,-0.023333,0.9,0.5,-0.07,0.9,0.5,-0.07,0.875,0.7,-0.023333,0.875,0.7,-0.066667,0.6,0.166667,-0.2,0.6,0.166667,-0.13,0.8,0.266667,-0.043333,0.8,0.266667,0.1,0.6,0.5,0.2,0.6,0.166667,0.13,0.8,0.266667,0.08,0.8,0.5,-0.2,0.6,0.166667,-0.1,0.6,0.5,-0.08,0.8,0.5,-0.13,0.8,0.266667,0.033333,0.6,0.5,0.1,0.6,0.5,0.08,0.8,0.5,0.026667,0.8,0.5,-0.2,0.6,-0.066667,-0.1,0.7,-0.5,-0.1,0.6,-0.5,-0.2,0.2,-0.066667,0.033333,0.7,-0.5,0.1,0.7,-0.5,0.1,0.6,-0.5,0.033333,0.6,-0.5,0.2,0.6,0.166667,0.1,0.6,0.5,0.1,0.3,0.4,0.2,0.2,0.166667,-0.033333,0.6,0.5,-0.1,0.6,0.5,-0.1,0.3,0.4,-0.033333,0.3,0.4,0.066667,0.2,-0.066667,0.033333,0.6,-0.5,0.1,0.6,-0.5,0.2,0.2,-0.066667,-0.066667,0.6,-0.066667,-0.033333,0.7,-0.5,-0.1,0.7,-0.5,-0.2,0.6,-0.066667,-0.031667,0.9,0.316667,-0.095,0.9,0.316667,-0.06,1,0.366667,-0.02,1,0.366667,-0.066667,0.6,0.05,-0.066667,0.6,-0.066667,-0.2,0.6,-0.066667,-0.2,0.6,0.05,0.033333,0.3,0.4,0.066667,0.2,0.166667,0.2,0.2,0.166667,0.1,0.3,0.4,0.066667,0.2,0.05,0.066667,0.2,-0.066667,0.2,0.2,-0.066667,0.2,0.2,0.05,0.1,0.7,-0.5,0.2,0.6,-0.066667,0.2,0.2,-0.066667,0.1,0.6,-0.5,0.2,0.6,0.05,0.2,0.6,0.166667,0.2,0.2,0.166667,0.2,0.2,0.05,-0.1,0.6,0.5,-0.2,0.6,0.166667,-0.2,0.2,0.166667,-0.1,0.3,0.4,-0.2,0.6,0.05,-0.2,0.6,-0.066667,-0.2,0.2,-0.066667,-0.2,0.2,0.05,-0.02,1,0.5,-0.02,1,0.366667,-0.06,1,0.366667,-0.06,1,0.5,0.07,0.9,0.5,0.095,0.9,0.316667,0.06,1,0.366667,0.06,1,0.5,-0.095,0.9,0.316667,-0.07,0.9,0.5,-0.06,1,0.5,-0.06,1,0.366667,0.023333,0.9,0.5,0.07,0.9,0.5,0.06,1,0.5,0.02,1,0.5,0.08,0.8,0.5,0.13,0.8,0.266667,0.095,0.9,0.316667,0.07,0.9,0.5,-0.043333,0.8,0.266667,-0.13,0.8,0.266667,-0.095,0.9,0.316667,-0.031667,0.9,0.316667,0.026667,0.825,0.7,0.08,0.825,0.7,0.07,0.875,0.7,0.023333,0.875,0.7,-0.07,0.9,0.5,-0.08,0.8,0.5,-0.08,0.825,0.7,-0.07,0.875,0.7,0.08,0.8,0.5,0.07,0.9,0.5,0.07,0.875,0.7,0.08,0.825,0.7,0.026667,0.8,0.5,0.08,0.8,0.5,0.08,0.825,0.7,0.026667,0.825,0.7,-0.08,0.8,0.5,-0.026667,0.8,0.5,-0.026667,0.825,0.7,-0.08,0.825,0.7,-0.026667,0.8,0.5,0.026667,0.8,0.5,0.026667,0.825,0.7,-0.026667,0.825,0.7,-0.08,0.825,0.7,-0.026667,0.825,0.7,-0.023333,0.875,0.7,-0.07,0.875,0.7,-0.026667,0.825,0.7,0.026667,0.825,0.7,0.023333,0.875,0.7,-0.023333,0.875,0.7,0.13,0.8,0.266667,0.043333,0.8,0.266667,0.031667,0.9,0.316667,0.095,0.9,0.316667,0.043333,0.8,0.266667,-0.043333,0.8,0.266667,-0.031667,0.9,0.316667,0.031667,0.9,0.316667,-0.07,0.9,0.5,-0.023333,0.9,0.5,-0.02,1,0.5,-0.06,1,0.5,-0.023333,0.9,0.5,0.023333,0.9,0.5,0.02,1,0.5,-0.02,1,0.5,0.06,1,0.5,0.06,1,0.366667,0.02,1,0.366667,0.02,1,0.5,0.02,1,0.5,0.02,1,0.366667,-0.02,1,0.366667,-0.02,1,0.5,-0.2,0.2,0.05,-0.2,0.2,-0.066667,-0.066667,0.2,-0.066667,-0.066667,0.2,0.05,-0.066667,0.2,0.05,-0.066667,0.2,-0.066667,0.066667,0.2,-0.066667,0.066667,0.2,0.05,-0.1,0.3,0.4,-0.2,0.2,0.166667,-0.066667,0.2,0.166667,-0.033333,0.3,0.4,-0.033333,0.3,0.4,-0.066667,0.2,0.166667,0.066667,0.2,0.166667,0.033333,0.3,0.4,0.2,0.6,0.05,0.2,0.6,-0.066667,0.066667,0.6,-0.066667,0.066667,0.6,0.05,0.066667,0.6,0.05,0.066667,0.6,-0.066667,-0.066667,0.6,-0.066667,-0.066667,0.6,0.05,0.095,0.9,0.316667,0.031667,0.9,0.316667,0.02,1,0.366667,0.06,1,0.366667,0.031667,0.9,0.316667,-0.031667,0.9,0.316667,-0.02,1,0.366667,0.02,1,0.366667,0.2,0.6,-0.066667,0.1,0.7,-0.5,0.033333,0.7,-0.5,0.066667,0.6,-0.066667,0.066667,0.6,-0.066667,0.033333,0.7,-0.5,-0.033333,0.7,-0.5,-0.066667,0.6,-0.066667,-0.2,0.2,-0.066667,-0.1,0.6,-0.5,-0.033333,0.6,-0.5,-0.066667,0.2,-0.066667,-0.066667,0.2,-0.066667,-0.033333,0.6,-0.5,0.033333,0.6,-0.5,0.066667,0.2,-0.066667,0.1,0.6,0.5,0.033333,0.6,0.5,0.033333,0.3,0.4,0.1,0.3,0.4,0.033333,0.6,0.5,-0.033333,0.6,0.5,-0.033333,0.3,0.4,0.033333,0.3,0.4,-0.1,0.7,-0.5,-0.033333,0.7,-0.5,-0.033333,0.6,-0.5,-0.1,0.6,-0.5,-0.033333,0.7,-0.5,0.033333,0.7,-0.5,0.033333,0.6,-0.5,-0.033333,0.6,-0.5,-0.1,0.6,0.5,-0.033333,0.6,0.5,-0.026667,0.8,0.5,-0.08,0.8,0.5,-0.033333,0.6,0.5,0.033333,0.6,0.5,0.026667,0.8,0.5,-0.026667,0.8,0.5,0.2,0.6,0.166667,0.066667,0.6,0.166667,0.043333,0.8,0.266667,0.13,0.8,0.266667,0.066667,0.6,0.166667,-0.066667,0.6,0.166667,-0.043333,0.8,0.266667,0.043333,0.8,0.266667,0.07,0.9,0.5,0.023333,0.9,0.5,0.023333,0.875,0.7,0.07,0.875,0.7,0.023333,0.9,0.5,-0.023333,0.9,0.5,-0.023333,0.875,0.7,0.023333,0.875,0.7,0.066667,0.6,0.166667,0.066667,0.6,0.05,-0.066667,0.6,0.05,-0.066667,0.6,0.166667,0.2,0.6,0.166667,0.2,0.6,0.05,0.066667,0.6,0.05,0.066667,0.6,0.166667,-0.066667,0.2,0.166667,-0.066667,0.2,0.05,0.066667,0.2,0.05,0.066667,0.2,0.166667,-0.148,0.07,0.065167,-0.049333,0.07,0.065167,-0.04,0,0.073333,-0.12,0,0.073333,-0.2,0.6,0.166667,-0.2,0.6,0.05,-0.2,0.2,0.05,-0.2,0.2,0.166667,0.2,0.6,-0.066667,0.2,0.6,0.05,0.2,0.2,0.05,0.2,0.2,-0.066667,-0.148,0.07,0.1515,-0.148,0.07,0.065167,-0.12,0,0.073333,-0.12,0,0.143333,-0.066667,0.6,0.166667,-0.066667,0.6,0.05,-0.2,0.6,0.05,-0.2,0.6,0.166667,-0.12,0,0.143333,-0.12,0,0.073333,-0.04,0,0.073333,-0.04,0,0.143333,0.04,0,0.143333,0.04,0,0.073333,0.12,0,0.073333,0.12,0,0.143333,-0.049333,0.07,0.065167,-0.049333,0.07,0.1515,-0.04,0,0.143333,-0.04,0,0.073333,0.148,0.07,0.1515,0.049333,0.07,0.1515,0.049333,0.047912,0.250826,0.148,0.047912,0.250826,-0.148,0.07,0.1515,-0.12,0,0.143333,-0.12,-0.001088,0.24266,-0.148,0.047912,0.250826,0.049333,0.07,0.065167,0.148,0.07,0.065167,0.12,0,0.073333,0.04,0,0.073333,0.148,0.07,0.065167,0.148,0.07,0.1515,0.12,0,0.143333,0.12,0,0.073333,0.049333,0.07,0.1515,0.049333,0.07,0.065167,0.04,0,0.073333,0.04,0,0.143333,0.066667,0.2,0.166667,0.066667,0.2,0.05,0.049333,0.07,0.065167,0.049333,0.07,0.1515,0.2,0.2,0.05,0.2,0.2,0.166667,0.148,0.07,0.1515,0.148,0.07,0.065167,0.066667,0.2,0.05,0.2,0.2,0.05,0.148,0.07,0.065167,0.049333,0.07,0.065167,0.2,0.2,0.166667,0.066667,0.2,0.166667,0.049333,0.07,0.1515,0.148,0.07,0.1515,-0.066667,0.2,0.166667,-0.2,0.2,0.166667,-0.148,0.07,0.1515,-0.049333,0.07,0.1515,-0.066667,0.2,0.05,-0.066667,0.2,0.166667,-0.049333,0.07,0.1515,