{
    "metadata": {
        "type": "Geometry",
        "normals": 75,
        "faces": 118,
        "uvs": 0,
        "generator": "io_three",
        "materials": 4,
        "version": 3,
        "vertices": 472
    },
    "name": "Cube.024Geometry",
    "materials": [{
        "blending": "NormalBlending",
        "colorDiffuse": [0.841203,0.475446,0.287776],
        "depthTest": true,
        "DbgColor": 60928,
        "DbgName": "Material.024",
        "DbgIndex": 2,
        "visible": true,
        "colorEmissive": [0,0,0],
        "transparent": false,
        "wireframe": false,
        "opacity": 1,
        "shading": "lambert",
        "depthWrite": true,
        "colorAmbient": [0.841203,0.475446,0.287776]
    },{
        "blending": "NormalBlending",
        "colorDiffuse": [0.214035,0.008967,0.008069],
        "depthTest": true,
        "DbgColor": 15658734,
        "DbgName": "Material.040",
        "DbgIndex": 0,
        "visible": true,
        "colorEmissive": [0,0,0],
        "transparent": false,
        "wireframe": false,
        "opacity": 1,
        "shading": "lambert",
        "depthWrite": true,
        "colorAmbient": [0.214035,0.008967,0.008069]
    },{
        "blending": "NormalBlending",
        "colorDiffuse": [0.570471,0.357695,0.123841],
        "depthTest": true,
        "DbgColor": 238,
        "DbgName": "Material.049",
        "DbgIndex": 3,
        "visible": true,
        "colorEmissive": [0,0,0],
        "transparent": false,
        "wireframe": false,
        "opacity": 1,
        "shading": "lambert",
        "depthWrite": true,
        "colorAmbient": [0.570471,0.357695,0.123841]
    },{
        "blending": "NormalBlending",
        "colorDiffuse": [0.581463,0.075302,0.008558],
        "depthTest": true,
        "DbgColor": 15597568,
        "DbgName": "Material.041",
        "DbgIndex": 1,
        "visible": true,
        "colorEmissive": [0,0,0],
        "transparent": false,
        "wireframe": false,
        "opacity": 1,
        "shading": "lambert",
        "depthWrite": true,
        "colorAmbient": [0.581463,0.075302,0.008558]
    }],
    "normals": [0,-1,0,0,-0.999969,0,0,0,-1,-0.167821,0,-0.985809,0.167821,0,0.985809,0,0.09949,0.995025,-0.666433,0.734794,-0.126072,0,0.106052,-0.994354,-0.167608,0.051088,0.984497,0.913205,0.079897,-0.399518,0.666433,0.734794,-0.126072,0.166265,0.135228,0.976745,-0.167821,0,0.985809,-0.166265,0.135228,0.976745,0.167608,0.051088,-0.984497,-0.913205,0.079897,-0.399518,0,0.049928,-0.998749,0.167608,0.051088,0.984497,0,0,1,0.913205,0.079897,0.399518,0,0.132145,0.991211,0.167821,0,-0.985809,0,1,0,-0.899899,0.436048,0,0.899899,0.436048,0,0.11063,-0.874294,-0.472579,0,-0.894406,-0.447188,-0.187872,0.049043,0.980956,0.594226,0.748741,-0.293619,0.187872,0.049043,0.980956,-0.11063,-0.874294,-0.472579,0,0.132145,-0.991211,-0.166265,0.135228,-0.976745,0.166265,0.135228,-0.976745,1,0,0,-1,0,0,-0.594226,0.748741,-0.293619,-0.913205,0.079897,0.399518,0.672903,0.727378,0.134556,0,0.049928,0.998749,-0.167608,0.051088,-0.984497,0,0.106052,0.994354,-0.672903,0.727378,0.134556,-0.587085,0.739738,0.328745,-0.385022,0.352367,-0.852962,0.285073,-0.063875,0.956359,0.274789,-0.738639,-0.615528,0.507126,0.347087,-0.788873,-0.285073,-0.063875,0.956359,0,0.447188,-0.894406,0.385022,0.352367,-0.852962,0,-0.0665,-0.997772,0.991211,-0.132145,0,0,-0.0665,0.997772,-0.991211,-0.132145,0,0,0.999969,0,-0.877499,-0.026032,-0.478835,0.877499,-0.026032,0.478835,0.852748,0,0.522294,-0.852748,0,-0.522294,-0.882656,-0.155248,-0.443587,0.844905,0.026704,0.534196,0.882656,-0.155248,-0.443587,-0.844905,0.026704,0.534196,-0.852748,0,0.522294,0.852748,0,-0.522294,0.877499,-0.026032,-0.478835,-0.877499,-0.026032,0.478835,-0.837153,0,0.546922,0.896023,0.065859,-0.439039,0.837153,0,0.546922,-0.896023,0.065859,-0.439039,0.587085,0.739738,0.328745,-0.507126,0.347087,-0.788873,-0.274789,-0.738639,-0.615528],
    "vertices": [0.336,0.9,0.192,0.42,0.9,-0,0.4704,0.9,-0,0.37632,0.9,0.192,0.28,1.2,-0.16,0.28,1.3,-0.16,0.392,1.3,-0.16,0.392,1.2,-0.16,-0.28,1.3,-0.16,-0.045054,1.3,-0.2,-0.045054,1.2,-0.2,-0.28,1.2,-0.16,0.28,1.3,0.16,0.045054,1.3,0.2,0.045054,1.2,0.2,0.28,1.2,0.16,-0.28,1.3,0.16,-0.28,1.4,0.15,-0.392,1.4,0.15,-0.392,1.3,0.16,-0.201904,1.8,-0,-0.201904,1.8,-0.2,-0.28,1.7,-0.17,-0.35,1.7,-0,-0.28,1.2,-0.16,-0.336,0.9,-0.192,-0.37632,0.9,-0.192,-0.392,1.2,-0.16,-0.054065,0.9,0.24,-0.336,0.9,0.192,-0.364,0.5,0.208,-0.05857,0.5,0.26,0.336,0.9,-0.192,0.42,0.9,-0,0.455,0.5,-0,0.364,0.5,-0.208,0.35,1.7,-0,0.28,1.7,-0.17,0.201904,1.8,-0.2,0.201904,1.8,-0,0.28,1.2,0.16,0.045054,1.2,0.2,0.054065,0.9,0.24,0.336,0.9,0.192,-0.045054,1.3,0.2,-0.28,1.3,0.16,-0.28,1.2,0.16,-0.045054,1.2,0.2,-0.045054,1.2,0.2,-0.28,1.2,0.16,-0.336,0.9,0.192,-0.054065,0.9,0.24,0.054065,0.9,-0.24,0.336,0.9,-0.192,0.364,0.5,-0.208,0.05857,0.5,-0.26,-0.42,0.9,-0,-0.336,0.9,-0.192,-0.364,0.5,-0.208,-0.455,0.5,-0,-0.054065,0.9,-0.24,0.054065,0.9,-0.24,0.05857,0.5,-0.26,-0.05857,0.5,-0.26,0.336,0.9,0.192,0.054065,0.9,0.24,0.05857,0.5,0.26,0.364,0.5,0.208,0.05857,0.5,0.26,0.05857,0.5,-0,0.455,0.5,-0,0.364,0.5,0.208,0.045054,1.3,-0.2,0.045054,1.2,-0.2,-0.045054,1.2,-0.2,-0.045054,1.3,-0.2,-0.045054,1.3,0.2,-0.045054,1.2,0.2,0.045054,1.2,0.2,0.045054,1.3,0.2,0.201904,2.175,-0.2,-0.201904,2.175,-0.2,-0.141333,2.3,-0.2,0.141333,2.3,-0.2,0.42,0.9,-0,0.336,0.9,0.192,0.364,0.5,0.208,0.455,0.5,-0,-0.045054,1.2,0.2,-0.054065,0.9,0.24,0.054065,0.9,0.24,0.045054,1.2,0.2,0.045054,1.3,-0.2,0.28,1.3,-0.16,0.28,1.2,-0.16,0.045054,1.2,-0.2,-0.141333,2.3,-0,-0.141333,2.3,0.2,0.141333,2.3,0.2,0.141333,2.3,-0,-0.201904,2.175,-0,-0.201904,2.175,0.2,-0.141333,2.3,0.2,-0.141333,2.3,-0,-0.201904,2.175,0.2,0.201904,2.175,0.2,0.141333,2.3,0.2,-0.141333,2.3,0.2,0.201904,2.175,-0,0.201904,2.175,-0.2,0.141333,2.3,-0.2,0.141333,2.3,-0,0.045054,1.4,-0.4,0.28,1.4,-0.33,0.28,1.3,-0.16,0.045054,1.3,-0.2,-0.045054,1.4,0.2,-0.045054,1.3,0.2,0.045054,1.3,0.2,0.045054,1.4,0.2,0.045054,1.4,-0.4,0.045054,1.3,-0.2,-0.045054,1.3,-0.2,-0.045054,1.4,-0.4,-0.045054,1.4,0.2,-0.28,1.4,0.15,-0.28,1.3,0.16,-0.045054,1.3,0.2,0.28,1.7,-0.17,0.35,1.7,-0,0.49,1.6,-0,0.392,1.6,-0.17,-0.28,1.3,-0.16,-0.28,1.2,-0.16,-0.392,1.2,-0.16,-0.392,1.3,-0.16,0.28,1.4,0.15,0.045054,1.4,0.2,0.045054,1.3,0.2,0.28,1.3,0.16,-0.28,1.4,-0.33,-0.045054,1.4,-0.4,-0.045054,1.3,-0.2,-0.28,1.3,-0.16,-0.364,0.5,0.208,-0.455,0.5,-0,-0.05857,0.5,-0,-0.05857,0.5,0.26,0.05857,0.5,-0.26,0.05857,0.5,-0,-0.05857,0.5,-0,-0.05857,0.5,-0.26,0.05857,0.5,-0,0.05857,0.5,0.26,-0.05857,0.5,0.26,-0.05857,0.5,-0,-0.455,0.5,-0,-0.364,0.5,-0.208,-0.05857,0.5,-0.26,-0.05857,0.5,-0,0.05857,0.5,-0,0.05857,0.5,-0.26,0.364,0.5,-0.208,0.455,0.5,-0,0.054065,0.9,-0.24,-0.054065,0.9,-0.24,-0.045054,1.2,-0.2,0.045054,1.2,-0.2,-0.336,0.9,-0.192,-0.28,1.2,-0.16,-0.045054,1.2,-0.2,-0.054065,0.9,-0.24,0.336,0.9,-0.192,0.054065,0.9,-0.24,0.045054,1.2,-0.2,0.28,1.2,-0.16,0.201904,1.8,-0,0.201904,1.8,-0.2,0.201904,2.175,-0.2,0.201904,2.175,-0,-0.201904,1.8,0.2,0.201904,1.8,0.2,0.201904,2.175,0.2,-0.201904,2.175,0.2,-0.201904,1.8,-0,-0.201904,1.8,0.2,-0.201904,2.175,0.2,-0.201904,2.175,-0,0.201904,1.8,-0.2,-0.201904,1.8,-0.2,-0.201904,2.175,-0.2,0.201904,2.175,-0.2,-0.201904,1.8,-0.2,-0.201904,1.8,-0,-0.201904,2.175,-0,-0.201904,2.175,-0.2,0.201904,1.8,0.2,0.201904,1.8,-0,0.201904,2.175,-0,0.201904,2.175,0.2,-0.35,1.7,-0,-0.28,1.7,-0.17,-0.392,1.6,-0.17,-0.49,1.6,-0,-0.336,0.9,-0.192,-0.42,0.9,-0,-0.4704,0.9,-0,-0.37632,0.9,-0.192,0.201904,2.175,0.2,0.201904,2.175,-0,0.141333,2.3,-0,0.141333,2.3,0.2,-0.201904,2.175,-0.2,-0.201904,2.175,-0,-0.141333,2.3,-0,-0.141333,2.3,-0.2,-0.141333,2.3,-0.2,-0.141333,2.3,-0,0.141333,2.3,-0,0.141333,2.3,-0.2,-0.336,0.9,0.192,-0.42,0.9,-0,-0.455,0.5,-0,-0.364,0.5,0.208,0.28,1.7,0.15,0.35,1.7,-0,0.201904,1.8,-0,0.201904,1.8,0.2,0.054065,0.9,0.24,-0.054065,0.9,0.24,-0.05857,0.5,0.26,0.05857,0.5,0.26,-0.336,0.9,-0.192,-0.054065,0.9,-0.24,-0.05857,0.5,-0.26,-0.364,0.5,-0.208,-0.336,0.9,0.192,-0.28,1.2,0.16,-0.392,1.2,0.16,