{
    "metadata": {
        "type": "Geometry",
        "normals": 88,
        "faces": 146,
        "uvs": 0,
        "generator": "io_three",
        "materials": 4,
        "version": 3,
        "vertices": 584
    },
    "name": "Cube.023Geometry",
    "materials": [{
        "blending": "NormalBlending",
        "colorDiffuse": [0.714715,0.723043,0.585591],
        "depthTest": true,
        "DbgColor": 15658734,
        "DbgName": "Material.042",
        "DbgIndex": 0,
        "visible": true,
        "colorEmissive": [0,0,0],
        "transparent": false,
        "wireframe": false,
        "opacity": 1,
        "shading": "lambert",
        "depthWrite": true,
        "colorAmbient": [0.714715,0.723043,0.585591]
    },{
        "blending": "NormalBlending",
        "colorDiffuse": [0.098504,0.033503,0.011742],
        "depthTest": true,
        "DbgColor": 238,
        "DbgName": "Material.045",
        "DbgIndex": 3,
        "visible": true,
        "colorEmissive": [0,0,0],
        "transparent": false,
        "wireframe": false,
        "opacity": 1,
        "shading": "lambert",
        "depthWrite": true,
        "colorAmbient": [0.098504,0.033503,0.011742]
    },{
        "blending": "NormalBlending",
        "colorDiffuse": [0.486897,0.255671,0.146387],
        "depthTest": true,
        "DbgColor": 60928,
        "DbgName": "Material.044",
        "DbgIndex": 2,
        "visible": true,
        "colorEmissive": [0,0,0],
        "transparent": false,
        "wireframe": false,
        "opacity": 1,
        "shading": "lambert",
        "depthWrite": true,
        "colorAmbient": [0.486897,0.255671,0.146387]
    },{
        "blending": "NormalBlending",
        "colorDiffuse": [0.581463,0.127119,0.180718],
        "depthTest": true,
        "DbgColor": 15597568,
        "DbgName": "Material.043",
        "DbgIndex": 1,
        "visible": true,
        "colorEmissive": [0,0,0],
        "transparent": false,
        "wireframe": false,
        "opacity": 1,
        "shading": "lambert",
        "depthWrite": true,
        "colorAmbient": [0.581463,0.127119,0.180718]
    }],
    "normals": [0,0,1,-0.167821,0,-0.985809,0.167821,0,0.985809,-0.666433,0.734794,-0.126072,0.618824,0.36964,-0.693075,-0.167608,0.051088,0.984497,0.913205,0.079897,-0.399518,0.666433,0.734794,-0.126072,0.166265,0.135228,0.976745,-0.167821,0,0.985809,-0.166265,0.135228,0.976745,0.167608,0.051088,-0.984497,-0.913205,0.079897,-0.399518,0,0.049928,-0.998749,0.167608,0.051088,0.984497,0,-0.999969,0,0,-1,0,0,0,-1,0.913205,0.079897,0.399518,0,0.132145,0.991211,0.167821,0,-0.985809,0,1,0,-0.899899,0.436048,0,0.899899,0.436048,0,0.11063,-0.874294,-0.472579,0,-0.894406,-0.447188,-0.187872,0.049043,0.980956,-0.618824,0.36964,-0.693075,0.187872,0.049043,0.980956,-0.11063,-0.874294,-0.472579,0,0.132145,-0.991211,-0.166265,0.135228,-0.976745,0.166265,0.135228,-0.976745,1,0,0,-1,0,0,-0.913205,0.079897,0.399518,0.672903,0.727378,0.134556,0,0.049928,0.998749,-0.167608,0.051088,-0.984497,0,0.106052,0.994354,-0.672903,0.727378,0.134556,0,0.09949,0.995025,-0.309183,0.379223,-0.872097,0.236946,-0.053072,0.970061,0.587085,0.739738,0.328745,-0.236946,-0.053072,0.970061,0,0.447188,-0.894406,0,0,0.999969,0.309183,0.379223,-0.872097,0,-0.0665,-0.997772,0.991211,-0.132145,0,0,-0.0665,0.997772,-0.991211,-0.132145,0,0,0.999969,0,0.469069,0.318522,-0.823695,-0.3408,-0.076357,0.93701,0.274789,-0.738639,-0.615528,0.491195,0.273263,-0.827052,0.3408,-0.076357,0.93701,-0.469069,0.318522,-0.823695,0.594226,0.748741,-0.293619,0,0.106052,-0.994354,-0.888089,-0.027741,-0.458815,0.888089,-0.027741,0.458815,0.852748,0,0.522294,-0.852748,0,-0.522294,-0.882656,-0.155248,-0.443587,0.844905,0.026704,0.534196,0.882656,-0.155248,-0.443587,-0.844905,0.026704,0.534196,-0.852748,0,0.522294,0.852748,0,-0.522294,0.888089,-0.027741,-0.458815,-0.888089,-0.027741,0.458815,-0.837153,0,0.546922,0.886166,0.119358,-0.447645,0.837153,0,0.546922,-0.886166,0.119358,-0.447645,-0.857448,-0.047273,-0.512375,0.857448,-0.047273,-0.512375,-0.594226,0.748741,-0.293619,-0.587085,0.739738,0.328745,-0.491195,0.273263,-0.827052,-0.274789,-0.738639,-0.615528,-0.865688,-0.024232,0.499924,0.865688,-0.024232,-0.499924,0.865688,-0.024232,0.499924,-0.865688,-0.024232,-0.499924],