{
    "metadata": {
        "type": "Geometry",
        "normals": 42,
        "faces": 154,
        "uvs": 0,
        "generator": "io_three",
        "materials": 4,
        "version": 3,
        "vertices": 616
    },
    "name": "Cube.028Geometry",
    "materials": [{
        "blending": "NormalBlending",
        "colorDiffuse": [0.714715,0.723043,0.585591],
        "depthTest": true,
        "DbgColor": 15658734,
        "DbgName": "Material.042",
        "DbgIndex": 0,
        "visible": true,
        "colorEmissive": [0,0,0],
        "transparent": false,
        "wireframe": false,
        "opacity": 1,
        "shading": "lambert",
        "depthWrite": true,
        "colorAmbient": [0.714715,0.723043,0.585591]
    },{
        "blending": "NormalBlending",
        "colorDiffuse": [0.486897,0.255671,0.146387],
        "depthTest": true,
        "DbgColor": 60928,
        "DbgName": "Material.044",
        "DbgIndex": 2,
        "visible": true,
        "colorEmissive": [0,0,0],
        "transparent": false,
        "wireframe": false,
        "opacity": 1,
        "shading": "lambert",
        "depthWrite": true,
        "colorAmbient": [0.486897,0.255671,0.146387]
    },{
        "blending": "NormalBlending",
        "colorDiffuse": [0.581463,0.127119,0.180718],
        "depthTest": true,
        "DbgColor": 15597568,
        "DbgName": "Material.043",
        "DbgIndex": 1,
        "visible": true,
        "colorEmissive": [0,0,0],
        "transparent": false,
        "wireframe": false,
        "opacity": 1,
        "shading": "lambert",
        "depthWrite": true,
        "colorAmbient": [0.581463,0.127119,0.180718]
    },{
        "blending": "NormalBlending",
        "colorDiffuse": [0.098504,0.033503,0.011742],
        "depthTest": true,
        "DbgColor": 238,
        "DbgName": "Material.045",
        "DbgIndex": 3,
        "visible": true,
        "colorEmissive": [0,0,0],
        "transparent": false,
        "wireframe": false,
        "opacity": 1,
        "shading": "lambert",
        "depthWrite": true,
        "colorAmbient": [0.098504,0.033503,0.011742]
    }],
    "normals": [0,0,0.999969,0,0,1,0,0.998749,-0.049928,0.468673,0.328074,-0.820185,0.581225,0.813715,0,0,-1,0,-0.581225,0.813715,0,1,0,0,-1,0,0,-0.971252,0,-0.237953,-0.468673,0.328074,-0.820185,0,0,-1,0.985015,0,0.172369,0.971252,0,-0.237953,0,-0.998749,-0.049928,-0.985015,0,0.172369,-0.998749,0,0.049928,0.228614,0.960265,-0.160039,-0.228614,0.960265,-0.160039,0.999573,0,0.029145,-0.999969,0,0,0.999969,0,0,0,1,0,-0.559587,0.82873,0,0,0.894406,-0.447188,0,-0.049928,0.998749,-0.993255,-0.115879,0,0.993255,-0.115879,0,0,-0.049928,-0.998749,0,0.447188,-0.894406,0.559587,0.82873,0,0.999878,0.015015,0,-0.999878,0.015015,0,-0.899899,0.436048,0,0.899899,0.436048,0,0,-0.894406,-0.447188,-0.045869,0.487838,-0.8717,0.045869,0.487838,-0.8717,0.182806,0.456557,-0.870693,-0.182806,0.456557,-0.870693,-0.999573,0,0.029145,0.998749,0,0.049928],
    "vertices": [0.35,1.4,0.2,0.35,1.25,0.2,0.49,1.1,0.2,0.49,1.3,0.2,0.35,1.2,-0.4,0.49,1.2,-0.4,0.441,1.19,-0.6,0.315,1.19,-0.6,0.35,1.25,-0.3,0.35,1.4,-0.2,0.49,1.3,-0.2,0.49,1.2,-0.2,0.35,1.4,-0,0.35,1.4,0.2,0.49,1.3,0.2,0.49,1.3,-0,-0.35,1,-0,-0.35,1,0.2,-0.49,1,0.2,-0.49,1,-0,-0.35,1.25,0.2,-0.35,1.4,0.2,-0.49,1.3,0.2,-0.49,1.1,0.2,-0.35,1.4,0.2,-0.35,1.4,-0,-0.49,1.3,-0,-0.49,1.3,0.2,0.35,1.1,0.2,0.35,1,0.2,0.49,1,0.2,0.49,1.05,0.2,0.49,1.3,-0.2,0.49,1.3,-0,0.49,1.1,-0,0.49,1.2,-0.2,0.49,1.3,-0,0.49,1.3,0.2,0.49,1.1,0.2,0.49,1.1,-0,-0.49,1.3,-0,-0.49,1.3,-0.2,-0.49,1.2,-0.2,-0.49,1.1,-0,-0.49,1.1,0.2,-0.49,1.3,0.2,-0.49,1.3,-0,-0.49,1.1,-0,-0.49,1.05,0.2,-0.49,1.05,-0,-0.49,1,-0,-0.49,1,0.2,0.49,1.1,-0.2,0.49,1.05,-0,0.49,1,-0,0.49,1,-0.2,0.49,1.05,-0,0.49,1.05,0.2,0.49,1,0.2,0.49,1,-0,-0.49,1.05,-0,-0.49,1.1,-0.2,-0.49,1,-0.2,-0.49,1,-0,0.35,1,0.2,0.35,1,-0,0.49,1,-0,0.49,1,0.2,-0.49,1.1,-0.4,-0.49,1.2,-0.4,-0.441,1.19,-0.6,-0.441,1.1,-0.6,-0.35,1.4,-0.2,-0.35,1.25,-0.3,-0.49,1.2,-0.2,-0.49,1.3,-0.2,-0.35,1,-0.2,-0.35,1,-0,-0.49,1,-0,-0.49,1,-0.2,-0.35,1.4,-0,-0.35,1.4,-0.2,-0.49,1.3,-0.2,-0.49,1.3,-0,0.35,1.4,-0.2,0.35,1.4,-0,0.49,1.3,-0,0.49,1.3,-0.2,-0.35,1.1,0.2,-0.35,1.25,0.2,-0.49,1.1,0.2,-0.49,1.05,0.2,0.35,1,-0,0.35,1,-0.2,0.49,1,-0.2,0.49,1,-0,0.315,1.1,-0.6,0.315,1.19,-0.6,0.441,1.19,-0.6,0.441,1.1,-0.6,-0.315,1.1,-0.6,-0.315,1.01,-0.6,-0.441,1.01,-0.6,-0.441,1.1,-0.6,-0.343,1.1,-0.44,-0.35,1,-0.4,-0.315,1.01,-0.6,-0.315,1.1,-0.6,-0.49,1.2,-0.4,-0.35,1.2,-0.4,-0.315,1.19,-0.6,-0.441,1.19,-0.6,0.49,1.1,-0.4,0.49,1,-0.4,0.441,1.01,-0.6,0.441,1.1,-0.6,0.49,1,-0.4,0.35,1,-0.4,0.315,1.01,-0.6,0.441,1.01,-0.6,-0.35,1,-0.4,-0.49,1,-0.4,-0.441,1.01,-0.6,-0.315,1.01,-0.6,0.343,1.1,-0.44,0.35,1.2,-0.4,0.315,1.19,-0.6,0.315,1.1,-0.6,0.35,1.1,-0.4,0.35,1.25,-0.3,0.35,1.2,-0.4,0.343,1.1,-0.44,0.49,1,-0.2,0.35,1,-0.2,0.35,1,-0.4,0.49,1,-0.4,0.49,1.1,-0.2,0.49,1,-0.2,0.49,1,-0.4,0.49,1.1,-0.4,0.35,1.25,-0.3,0.49,1.2,-0.2,0.49,1.2,-0.4,0.35,1.2,-0.4,-0.35,1,-0.2,-0.49,1,-0.2,-0.49,1,-0.4,-0.35,1,-0.4,-0.49,1.2,-0.2,-0.35,1.25,-0.3,-0.35,1.2,-0.4,-0.49,1.2,-0.4,-0.35,1.1,-0.4,-0.35,1,-0.2,-0.35,1,-0.4,-0.343,1.1,-0.44,-0.49,1.1,-0.2,-0.49,1.2,-0.2,-0.49,1.2,-0.4,-0.49,1.1,-0.4,-0.35,0.9,-0,-0.35,0.9,-0.2,-0.35,0.6,-0.2,-0.35,0.6,-0,0.35,0.9,-0.4,0.35,0.6,-0.4,0.35,0.6,-0.7,0.35,0.8,-0.6,0.35,0.9,-0,0.35,0.9,0.2,0.35,0.6,0.2,0.35,0.6,-0,0.045054,0.9,-0.2,0.35,0.9,-0.2,0.35,0.9,-0.4,0.045054,0.9,-0.4,0.35,0.6,-0.2,0.045054,0.6,-0.2,0.045054,0.6,-0.4,0.35,0.6,-0.4,-0.35,1,-0.2,-0.045054,1,-0.2,-0.045054,0.9,-0.2,-0.35,0.9,-0.2,0.35,1,0.2,0.045054,1,0.2,0.045054,0.9,0.2,0.35,0.9,0.2,0.35,1,-0,0.35,1,0.2,0.35,0.9,0.2,0.35,0.9,-0,-0.201904,1.5,-0,-0.201904,1.5,-0.2,-0.35,1.4,-0.2,-0.35,1.4,-0,-0.35,1,-0,-0.35,1,-0.2,-0.35,0.9,-0.2,-0.35,0.9,-0,-0.35,0.9,-0.4,-0.045054,0.9,-0.4,-0.045054,0.8,-0.6,-0.35,0.8,-0.6,0.294,0.12,-0.424,0.037845,0.12,-0.424,0.036043,-0,-0.43,0.28,-0,-0.43,-0.35,0.6,-0.4,-0.35,0.9,-0.4,-0.35,0.8,-0.6,-0.35,0.6,-0.7,-0.037845,0.12,-0.424,-0.294,0.12,-0.424,-0.28,-0,-0.43,-0.036043,-0,-0.43,-0.35,0.9,-0.2,-0.045054,0.9,-0.2,-0.045054,0.9,-0.4,-0.35,0.9,-0.4,-0.35,0.6,-0.2,-0.35,0.9,-0.2,-0.35,0.9,-0.4,-0.35,0.6,-0.4,0.045054,0.6,-0,0.045054,0.6,-0.2,0.35,0.6,-0.2,0.35,0.6,-0,0.35,0.9,-0.2,0.35,0.6,-0.2,0.35,0.6,-0.4,0.35,0.9,-0.4,-0.294,0.12,-0.424,-0.294,0.12,-0.676,-0.28,-0,-0.67,-0.28,-0,-0.43,0.294,0.12,-0.676,0.294,0.12,-0.424,0.28,-0,-0.43,0.28,-0,-0.67,-0.294,0.12,-0.676,-0.037845,0.12,-0.676,-0.036043,-0,-0.67,-0.28,-0,-0.67,0.045054,0.8,-0.6,0.35,0.8,-0.6,0.35,0.6,-0.7,0.045054,0.6,-0.7,-0.036043,-0,-0.43,-0.28,-0,-0.43,-0.28,-0,-0.67,-0.036043,-0,-0.67,-0.35,0.6,-0,-0.35,0.6,-0.2,-0.045054,0.6,-0.2,-0.045054,0.6,-0,-0.35,0.8,-0.6,-0.045054,0.8,-0.6,-0.045054,0.6,-0.7,-0.35,0.6,-0.7,0.045054,0.9,-0.4,0.35,0.9,-0.4,0.35,0.8,-0.6,0.045054,0.8,-0.6,0.28,-0,-0.43,0.036043,-0,-0.43,0.036043,-0,-0.67,0.28,-0,-0.67,0.037845,0.12,-0.676,0.294,0.12,-0.676,0.28,-0,-0.67,0.036043,-0,-0.67,0.35,1.4,-0,0.35,1.4,-0.2,0.201904,1.5,-0.2,0.201904,1.5,-0,0.35,0.9,0.2,0.045054,0.9,0.2,0.045054,0.6,0.2,0.35,0.6,0.2,-0.045054,0.6,-0.2,-0.35,0.6,-0.2,-0.35,0.6,-0.4,-0.045054,0.6,-0.4,-0.045054,1,0.2,-0.35,1,0.2,-0.35,0.9,0.2,-0.045054,0.9,0.2,-0.045054,0.9,0.2,-0.35,0.9,0.2,-0.35,0.6,0.2,-0.045054,0.6,0.2,-0.037845,0.12,-0.676,-0.045054,0.6,-0.7,-0.045054,0.6,-0.4,-0.037845,0.12,-0.424,0.045054,0.8,-0.6,-0.045054,0.8,-0.6,-0.045054,0.9,-0.4,0.045054,0.9,-0.4,-0.045054,0.6,-0.2,-0.045054,0.6,-0.4,0.045054,0.6,-0.4,0.045054,0.6,-0.2,0.045054,0.9,-0.2,0.045054,0.9,-0.4,-0.045054,0.9,-0.4,-0.045054,0.9,-0.2,0.045054,0.6,-0.7,-0.045054,0.6,-0.7,-0.045054,0.8,-0.6,0.045054,0.8,-0.6,0.037845,0.12,-0.676,0.036043,-0,-0.67,0.036043,-0,-0.43,0.037845,0.12,-0.424,0.045054,0.6,-0.4,-0.045054,0.6,-0.4,-0.045054,0.6,-0.7,0.045054,0.6,-0.7,0.045054,1,-0.2,0.045054,0.9,-0.2,-0.045054,0.9,-0.2,-0.045054,1,-0.2,-0.045054,1,0.2,-0.045054,0.9,0.2,0.045054,0.9,0.2,0.045054,1,0.2,0.201904,1.875,-0.2,-0.201904,1.875,-0.2,-0.141333,2,-0.2,0.141333,2,-0.2,