{
    "metadata": {
        "type": "Geometry",
        "normals": 69,
        "faces": 104,
        "uvs": 0,
        "generator": "io_three",
        "materials": 4,
        "version": 3,
        "vertices": 416
    },
    "name": "CubeGeometry",
    "materials": [{
        "blending": "NormalBlending",
        "colorDiffuse": [0.111148,0.193922,0.8],
        "depthTest": true,
        "DbgColor": 15658734,
        "DbgName": "Material.027",
        "DbgIndex": 0,
        "visible": true,
        "colorEmissive": [0,0,0],
        "transparent": false,
        "wireframe": false,
        "opacity": 1,
        "shading": "lambert",
        "depthWrite": true,
        "colorAmbient": [0.111148,0.193922,0.8]
    },{
        "blending": "NormalBlending",
        "colorDiffuse": [0.052218,0.02367,0.007504],
        "depthTest": true,
        "DbgColor": 238,
        "DbgName": "Material.025",
        "DbgIndex": 3,
        "visible": true,
        "colorEmissive": [0,0,0],
        "transparent": false,
        "wireframe": false,
        "opacity": 1,
        "shading": "lambert",
        "depthWrite": true,
        "colorAmbient": [0.052218,0.02367,0.007504]
    },{
        "blending": "NormalBlending",
        "colorDiffuse": [0.8,0.452523,0.274145],
        "depthTest": true,
        "DbgColor": 60928,
        "DbgName": "Material.024",
        "DbgIndex": 2,
        "visible": true,
        "colorEmissive": [0,0,0],
        "transparent": false,
        "wireframe": false,
        "opacity": 1,
        "shading": "lambert",
        "depthWrite": true,
        "colorAmbient": [0.8,0.452523,0.274145]
    },{
        "blending": "NormalBlending",
        "colorDiffuse": [0.01217,0.014965,0.015995],
        "depthTest": true,
        "DbgColor": 15597568,
        "DbgName": "Material.026",
        "DbgIndex": 1,
        "visible": true,
        "colorEmissive": [0,0,0],
        "transparent": false,
        "wireframe": false,
        "opacity": 1,
        "shading": "lambert",
        "depthWrite": true,
        "colorAmbient": [0.01217,0.014965,0.015995]
    }],
    "normals": [0,-1,0,0.944212,0.130924,0.302133,-0.291391,0.257607,0.921232,-0.944212,0.130924,-0.302133,-0.493393,0.115757,-0.862056,-0.615619,0,0.788018,-0.445418,0.890866,0.089084,0.934812,-0.03882,0.352947,-0.61504,0.347118,0.707938,-0.934812,-0.03882,-0.352947,-0.012268,0.074892,-0.997101,0,1,0,0.974303,0.086581,0.207831,0,0.640156,0.768212,-0.865841,0.192389,-0.461776,0.999969,0,0,1,0,0,0,0,-0.999969,0,0,-1,0.615619,0,0.788018,0,0,1,0,0.640156,-0.768212,0.012268,0.074892,-0.997101,0,0.067843,-0.997681,0.61504,0.347118,0.707938,0,0.655477,0.755181,0.445418,0.890866,0.089084,-0.866512,0,-0.4991,0,0.999969,0,0.493393,0.115757,-0.862056,0,0.086337,-0.996246,0.29136,0.257607,0.921232,0,0.387219,0.921964,0,0,0.999969,-0.952422,0,-0.304758,0.952422,0,0.304758,0,-0.590655,0.806909,0.483444,-0.317423,0.81576,0.035279,0.074068,-0.996612,-0.035279,0.074068,-0.996612,-0.946623,-0.040925,-0.319712,-0.483444,-0.317423,0.81576,0.946623,-0.040925,0.319712,0.946623,-0.040925,-0.319712,-0.946623,-0.040925,0.319712,0.952422,0,-0.304758,-0.952422,0,0.304758,0,-0.999969,0,-1,0,0,-0.999969,0,0,0.445418,0.890866,-0.089084,0.866512,0,-0.4991,-0.974303,0.086581,0.207831,0.865841,0.192389,-0.461776,-0.934812,-0.03882,0.352947,0.934812,-0.03882,-0.352947,-0.445418,0.890866,-0.089084,-0.944212,0.130924,0.302133,0.944212,0.130924,-0.302133,0,0.086337,0.996246,0.493393,0.115757,0.862056,0,0.387219,-0.921964,0.29136,0.257607,-0.921232,-0.29136,0.257607,-0.921232,-0.493393,0.115757,0.862056,-0.991211,-0.132145,0,0,-0.132145,-0.991211,0.991211,-0.132145,0,0,-0.132145,0.991211],
    "vertices": [-0.18304,0.2,-0,-0.18304,0.2,0.386,-0.36608,0.2,0.286,-0.4576,0.2,-0,0.16,1.4,-0.2,-0.16,1.4,-0.2,-0.1728,1.4,-0.3,0.1728,1.4,-0.3,0.416,0.5,0,0.3744,0.8,0,0.29952,0.8,0.234,0.3328,0.5,0.26,-0.1664,0.5,0.36,-0.14976,0.8,0.234,-0.29952,0.8,0.234,-0.3328,0.5,0.26,-0.416,0.5,-0,-0.3744,0.8,-0,-0.29952,0.8,-0.234,-0.3328,0.5,-0.26,-0.1664,0.5,-0.36,-0.18304,0.2,-0.386,-0.36608,0.2,-0.286,-0.3328,0.5,-0.26,-0.16,1.4,0.2,-0.16,1.68,0.2,-0.288,1.68,0.1,-0.288,1.4,0.1,-0.16,1.4,-0,-0.4,1.3,-0,-0.32,1.3,0.2,-0.16,1.4,0.2,0.3872,1.1,0,0.4,1.3,0,0.32,1.3,0.2,0.30976,1.1,0.217,-0.15488,1.15,0.417,-0.16,1.4,0.2,-0.32,1.3,0.2,-0.30976,1.1,0.217,-0.3872,1.1,-0,-0.4,1.3,-0,-0.32,1.3,-0.2,-0.30976,1.1,-0.217,-0.15488,1.15,-0.217,-0.14976,0.9,-0.234,-0.29952,0.9,-0.234,-0.30976,1.1,-0.217,-0.192,1.68,-0,-0.112,1.68,-0.2,-0.1728,1.68,-0.3,-0.288,1.68,-0.1,0.192,1.8,0,-0.192,1.8,-0,-0.16,1.8,0.1,0.16,1.8,0.1,0.192,1.68,0,0.192,1.8,0,0.16,1.8,0.1,0.16,1.68,0.2,0.16,1.68,0.2,0.16,1.8,0.1,-0.16,1.8,0.1,-0.16,1.68,0.2,-0.192,1.68,-0,-0.192,1.8,-0,-0.112,1.8,-0.1,-0.112,1.68,-0.2,0.16,1.4,0,0.16,1.4,-0.2,0.1728,1.4,-0.3,0.288,1.4,-0.1,0.288,1.4,-0.1,0.288,1.68,-0.1,0.288,1.68,0.1,0.288,1.4,0.1,0.1728,1.68,-0.3,0.1728,1.4,-0.3,-0.1728,1.4,-0.3,-0.1728,1.68,-0.3,0.16,1.68,0.2,0.159999,1.4,0.2,0.288,1.4,0.1,0.288,1.68,0.1,0.159999,1.4,0.2,0.16,1.68,0.2,-0.16,1.68,0.2,-0.16,1.4,0.2,-0.112,1.68,-0.2,0.112,1.68,-0.2,0.1728,1.68,-0.3,-0.1728,1.68,-0.3,0.112,1.8,-0.1,0.112,1.68,-0.2,-0.112,1.68,-0.2,-0.112,1.8,-0.1,0.30976,1.1,-0.217,0.29952,0.9,-0.234,0.14976,0.9,-0.234,0.15488,1.15,-0.217,0.15488,1.15,-0.217,0.14976,0.9,-0.234,-0.14976,0.9,-0.234,-0.15488,1.15,-0.217,0.30976,1.1,0.217,0.32,1.3,0.2,0.159999,1.4,0.2,0.15488,1.15,0.417,0.15488,1.15,0.417,0.159999,1.4,0.2,-0.16,1.4,0.2,-0.15488,1.15,0.417,0.4,1.3,0,0.16,1.4,0,0.159999,1.4,0.2,0.32,1.3,0.2,-0.288,1.4,-0.1,-0.288,1.68,-0.1,-0.1728,1.68,-0.3,-0.1728,1.4,-0.3,0.192,1.68,0,0.16,1.68,0.2,0.288,1.68,0.1,0.288,1.68,-0.1,0.3328,0.5,-0.26,0.36608,0.2,-0.286,0.18304,0.2,-0.386,0.1664,0.5,-0.36,0.1664,0.5,-0.36,0.18304,0.2,-0.386,-0.18304,0.2,-0.386,-0.1664,0.5,-0.36,0.3328,0.5,0.26,0.29952,0.8,0.234,0.14976,0.8,0.234,0.1664,0.5,0.36,0.1664,0.5,0.36,0.14976,0.8,0.234,-0.14976,0.8,0.234,-0.1664,0.5,0.36,-0.16,1.4,-0,-0.16,1.4,0.2,-0.288,1.4,0.1,-0.288,1.4,-0.1,0.4576,0.2,0,0.36608,0.2,0.286,0.18304,0.2,0.386,0.18304,0.2,0,0.18304,0.2,0,0.18304,0.2,0.386,-0.18304,0.2,0.386,-0.18304,0.2,-0,0.29952,0.8,0.234,0.29952,0.9,0.234,0.14976,0.9,0.234,0.14976,0.8,0.234,0.14976,0.8,0.234,0.14976,0.9,0.234,-0.14976,0.9,0.234,-0.14976,0.8,0.234,-0.14976,0.8,0.234,-0.14976,0.9,0.234,-0.29952,0.9,0.234,-0.29952,0.8,0.234,-0.3744,0.8,-0,-0.3744,0.9,-0,-0.29952,0.9,-0.234,-0.29952,0.8,-0.234,-0.29952,0.8,-0.234,-0.29952,0.9,-0.234,-0.14976,0.9,-0.234,-0.14976,0.8,-0.234,-0.14976,0.8,-0.234,-0.14976,0.9,-0.234,0.14976,0.9,-0.234,0.14976,0.8,-0.234,0.14976,0.8,-0.234,0.14976,0.9,-0.234,0.29952,0.9,-0.234,0.29952,0.8,-0.234,0.3744,0.8,0,0.3744,0.9,-0,0.29952,0.9,0.234,0.29952,0.8,0.234,0.14976,0.9,0.234,0.15488,1.15,0.417,-0.15488,1.15,0.417,-0.14976,0.9,0.234,0.29952,0.9,0.234,0.30976,1.1,0.217,0.15488,1.15,0.417,0.14976,0.9,0.234,0.16,1.4,-0.2,0.15488,1.15,-0.217,-0.15488,1.15,-0.217,-0.16,1.4,-0.2,0.32,1.3,-0.2,0.30976,1.1,-0.217,0.15488,1.15,-0.217,0.16,1.4,-0.2,-0.16,1.4,-0.2,-0.15488,1.15,-0.217,-0.30976,1.1,-0.217,-0.32,1.3,-0.2,-0.3744,0.9,-0,-0.3872,1.1,-0,-0.30976,1.1,-0.217,-0.29952,0.9,-0.234,-0.14976,0.9,0.234,-0.15488,1.15,0.417,-0.30976,1.1,0.217,-0.29952,0.9,0.234,0.3744,0.9,-0,0.3872,1.1,0,0.30976,1.1,0.217,0.29952,0.9,0.234,0.29952,0.9,-0.234,0.30976,1.1,-0.217,0.3872,1.1,0,0.3744,0.9,-0,-0.29952,0.9,0.234,-0.30976,1.1,0.217,-0.3872,1.1,-0,-0.3744,0.9,-0,0.29952,0.8,-0.234,0.29952,0.9,-0.234,0.3744,0.9,-0,0.3744,0.8,0,-0.29952,0.8,0.234,-0.29952,0.9,0.234,-0.3744,0.9,-0,-0.3744,0.8,-0,0.18304,0.2,-0.386,0.18304,0.2,0,-0.18304,0.2,-0,-0.18304,0.2,-0.386,0.36608,0.2,-0.286,0.4576,0.2,0,0.18304,0.2,0,0.18304,0.2,-0.386,-0.16,1.4,-0.2,-0.16,1.4,-0,-0.288,1.4,-0.1,-0.1728,1.4,-0.3,0.112,1.68,-0.2,0.192,1.68,0,0.288,1.68,-0.1,0.1728,1.68,-0.3,-0.288,1.4,0.1,-0.288,1.68,0.1,-0.288,1.68,-0.1,-0.288,1.4,-0.1,0.32,1.3,-0.2,0.16,1.4,-0.2,0.16,1.4,0,0.4,1.3,0,0.1728,1.4,-0.3,0.1728,1.68,-0.3,0.288,1.68,-0.1,0.288,1.4,